datetime,open,high,low,close,volume,oi,dragonfly_doji,hammer,rising_window,evening_star,three_white_soldiers
2025-01-01 09:00:00,4094.4,4120.0,4090.5,4099.7,57621,0.0,False,False,False,False,False
2025-01-01 09:30:00,4099.7,4102.9,4091.6,4099.0,69798,0.0,False,False,False,False,False
2025-01-01 10:00:00,4099.0,4104.8,4085.45,4104.05,54085,0.0,False,True,False,False,False
2025-01-01 10:30:00,4104.45,4123.0,4101.7,4119.4,53887,0.0,False,False,False,False,False
2025-01-01 11:00:00,4119.4,4134.0,4115.1,4128.5,55229,0.0,False,False,False,False,False
2025-01-01 11:30:00,4127.9,4133.85,4103.4,4108.0,58382,0.0,False,False,False,False,False
2025-01-01 12:00:00,4107.55,4123.6,4106.0,4111.8,45180,0.0,False,False,False,False,False
2025-01-01 12:30:00,4111.0,4129.6,4108.15,4112.05,70858,0.0,True,False,False,False,False
2025-01-01 13:00:00,4111.95,4121.95,4107.85,4119.9,31180,0.0,False,False,False,False,False
2025-01-01 13:30:00,4119.9,4120.0,4112.75,4119.95,36838,0.0,True,False,False,False,False
2025-01-01 14:00:00,4119.95,4122.1,4110.95,4118.2,64036,0.0,False,False,False,False,False
2025-01-01 14:30:00,4118.2,4119.85,4110.15,4110.15,66763,0.0,False,False,False,False,False
2025-01-01 15:00:00,4110.95,4118.65,4107.6,4112.0,96170,0.0,False,False,False,False,False
2025-01-02 09:00:00,4120.0,4134.1,4096.95,4120.0,84842,0.0,True,False,False,False,False
2025-01-02 09:30:00,4118.9,4148.8,4117.0,4140.0,104106,0.0,False,False,False,False,False
2025-01-02 10:00:00,4140.0,4146.0,4130.0,4141.4,57938,0.0,False,False,False,False,False
2025-01-02 10:30:00,4142.0,4155.4,4134.0,4153.05,103006,0.0,False,False,False,False,False
2025-01-02 11:00:00,4153.0,4157.5,4146.5,4151.0,68744,0.0,False,False,False,False,False
2025-01-02 11:30:00,4151.1,4154.4,4133.4,4135.0,60930,0.0,False,False,False,True,False
2025-01-02 12:00:00,4136.0,4151.8,4127.2,4149.15,80257,0.0,False,False,False,False,False
2025-01-02 12:30:00,4149.15,4173.3,4149.15,4155.95,199157,0.0,False,False,False,False,False
2025-01-02 13:00:00,4156.8,4169.5,4153.0,4164.2,176881,0.0,False,False,False,False,False
2025-01-02 13:30:00,4164.2,4172.1,4161.65,4167.4,115262,0.0,False,False,False,False,False
2025-01-02 14:00:00,4167.4,4182.1,4160.5,4172.0,126202,0.0,False,False,False,False,False
2025-01-02 14:30:00,4172.0,4182.65,4171.6,4177.25,98861,0.0,False,False,False,False,False
2025-01-02 15:00:00,4177.15,4183.0,4156.4,4166.0,437590,0.0,False,False,False,False,False
2025-01-03 09:00:00,4179.95,4179.95,4141.0,4146.85,83390,0.0,False,False,False,False,False
2025-01-03 09:30:00,4144.85,4147.6,4118.05,4120.0,104233,0.0,False,False,False,False,False
2025-01-03 10:00:00,4120.0,4129.65,4115.95,4123.9,71111,0.0,False,False,False,False,False
2025-01-03 10:30:00,4124.0,4125.0,4102.0,4106.0,107453,0.0,False,False,False,False,False
2025-01-03 11:00:00,4106.0,4139.7,4104.0,4126.6,184649,0.0,False,False,False,False,False
2025-01-03 11:30:00,4126.25,4132.0,4121.05,4129.0,106804,0.0,False,False,False,False,False
2025-01-03 12:00:00,4129.0,4131.05,4104.65,4105.05,127108,0.0,False,False,False,True,False
2025-01-03 12:30:00,4105.0,4113.3,4104.25,4105.0,142645,0.0,True,False,False,False,False
2025-01-03 13:00:00,4105.0,4121.95,4105.0,4120.05,90196,0.0,False,False,False,False,False
2025-01-03 13:30:00,4120.0,4120.05,4105.0,4106.4,84559,0.0,False,False,False,False,False
2025-01-03 14:00:00,4106.05,4112.7,4105.05,4107.5,127330,0.0,False,False,False,False,False
2025-01-03 14:30:00,4108.3,4110.0,4104.0,4104.85,96633,0.0,False,False,False,False,False
2025-01-03 15:00:00,4104.9,4107.95,4092.3,4097.0,444240,0.0,False,False,False,False,False
2025-01-06 09:00:00,4105.5,4138.1,4099.9,4125.55,130824,0.0,False,False,False,False,False
2025-01-06 09:30:00,4125.55,4149.65,4111.75,4116.3,312104,0.0,False,False,False,False,False
2025-01-06 10:00:00,4117.2,4140.1,4116.4,4118.2,151612,0.0,True,False,False,False,False
2025-01-06 10:30:00,4118.2,4122.6,4093.05,4099.35,210050,0.0,False,False,False,False,False
2025-01-06 11:00:00,4099.35,4107.95,4087.35,4101.25,193363,0.0,False,False,False,False,False
2025-01-06 11:30:00,4101.25,4103.95,4066.4,4077.9,202076,0.0,False,False,False,False,False
2025-01-06 12:00:00,4077.9,4097.05,4077.9,4090.5,92114,0.0,False,False,False,False,False
2025-01-06 12:30:00,4090.5,4113.25,4090.4,4112.3,76642,0.0,False,False,False,False,False
2025-01-06 13:00:00,4112.3,4119.0,4106.6,4111.75,90588,0.0,True,False,False,False,False
2025-01-06 13:30:00,4111.75,4112.65,4094.5,4102.0,107871,0.0,False,False,False,False,False
2025-01-06 14:00:00,4102.0,4109.85,4097.35,4102.1,73515,0.0,True,False,False,False,False
2025-01-06 14:30:00,4102.1,4104.0,4090.25,4099.95,126714,0.0,False,True,False,False,False
2025-01-06 15:00:00,4099.95,4105.25,4086.0,4090.0,307687,0.0,False,False,False,False,False
2025-01-07 09:00:00,4114.95,4140.35,4093.15,4103.0,389242,0.0,False,False,False,False,False
2025-01-07 09:30:00,4102.75,4110.0,4042.05,4046.95,229801,0.0,False,False,False,False,False
2025-01-07 10:00:00,4045.55,4049.0,4025.0,4047.0,180720,0.0,False,False,False,False,False
2025-01-07 10:30:00,4047.0,4052.0,4031.1,4035.95,176759,0.0,False,False,False,False,False
2025-01-07 11:00:00,4036.8,4041.9,4021.65,4032.0,153180,0.0,False,False,False,False,False
2025-01-07 11:30:00,4032.05,4033.65,4011.55,4017.55,136729,0.0,False,False,False,False,False
2025-01-07 12:00:00,4017.35,4022.6,4011.9,4020.6,100783,0.0,False,False,False,False,False
2025-01-07 12:30:00,4020.5,4034.0,4014.9,4027.25,146789,0.0,False,False,False,False,False
2025-01-07 13:00:00,4027.25,4035.0,4024.75,4031.05,191880,0.0,False,False,False,False,False
2025-01-07 13:30:00,4031.05,4038.45,4029.05,4030.7,125659,0.0,True,False,False,False,False
2025-01-07 14:00:00,4030.0,4033.85,4024.1,4030.9,128329,0.0,False,False,False,False,False
2025-01-07 14:30:00,4030.85,4037.9,4030.0,4037.6,154629,0.0,False,False,False,False,False
2025-01-07 15:00:00,4037.6,4037.6,4021.35,4031.0,541056,0.0,False,False,False,False,False
2025-01-08 09:00:00,4034.9,4052.4,4021.1,4035.3,164837,0.0,True,False,False,False,False
2025-01-08 09:30:00,4035.35,4048.55,4017.75,4032.45,185853,0.0,False,False,False,False,False
2025-01-08 10:00:00,4032.45,4042.25,4022.05,4025.9,141289,0.0,False,False,False,False,False
2025-01-08 10:30:00,4027.65,4035.95,4022.05,4028.45,134928,0.0,False,False,False,False,False
2025-01-08 11:00:00,4028.4,4041.45,4020.4,4039.9,164427,0.0,False,False,False,False,False
2025-01-08 11:30:00,4039.9,4046.0,4029.9,4034.35,97306,0.0,False,False,False,False,False
2025-01-08 12:00:00,4034.5,4040.0,4029.3,4031.15,85243,0.0,False,False,False,False,False
2025-01-08 12:30:00,4031.4,4038.0,4023.35,4036.55,145574,0.0,False,False,False,False,False
2025-01-08 13:00:00,4036.55,4061.0,4035.05,4060.15,167517,0.0,False,False,False,False,False
2025-01-08 13:30:00,4060.85,4093.0,4060.2,4088.05,221724,0.0,False,False,False,False,False
2025-01-08 14:00:00,4088.0,4088.0,4057.3,4058.0,131588,0.0,False,False,False,False,False
2025-01-08 14:30:00,4058.0,4102.3,4051.0,4093.75,217300,0.0,False,False,False,False,False
2025-01-08 15:00:00,4095.15,4126.0,4087.7,4095.1,308213,0.0,True,False,False,False,False
2025-01-09 09:00:00,4101.0,4126.35,4090.15,4105.9,136634,0.0,False,False,False,False,False
2025-01-09 09:30:00,4105.15,4128.4,4101.5,4120.85,109942,0.0,False,False,False,False,False
2025-01-09 10:00:00,4120.9,4137.75,4106.7,4130.55,115996,0.0,False,False,False,False,False
2025-01-09 10:30:00,4130.7,4130.7,4080.4,4088.0,322908,0.0,False,False,False,False,False
2025-01-09 11:00:00,4088.0,4091.95,4076.45,4085.2,252996,0.0,False,False,False,False,False
2025-01-09 11:30:00,4085.0,4087.15,4071.0,4077.55,94755,0.0,False,False,False,False,False
2025-01-09 12:00:00,4077.35,4091.45,4071.35,4071.35,169274,0.0,False,False,False,False,False
2025-01-09 12:30:00,4070.05,4077.6,4063.0,4073.65,127561,0.0,False,False,False,False,False
2025-01-09 13:00:00,4073.65,4075.6,4029.5,4040.25,165324,0.0,False,False,False,False,False
2025-01-09 13:30:00,4039.3,4047.55,4030.65,4041.2,120887,0.0,False,False,False,False,False
2025-01-09 14:00:00,4041.2,4060.85,4037.6,4055.6,141262,0.0,False,False,False,False,False
2025-01-09 14:30:00,4055.8,4060.0,4041.85,4052.05,229561,0.0,False,False,False,False,False
2025-01-09 15:00:00,4052.05,4061.0,4025.3,4044.0,387986,0.0,False,False,False,True,False
2025-01-10 09:00:00,4200.0,4225.0,4174.4,4213.6,1408026,0.0,False,False,True,False,False
2025-01-10 09:30:00,4212.0,4213.95,4170.0,4189.5,823076,0.0,False,False,False,False,False
2025-01-10 10:00:00,4189.2,4238.45,4182.75,4221.0,789869,0.0,False,False,False,False,False
2025-01-10 10:30:00,4221.0,4245.9,4205.2,4226.8,587244,0.0,False,False,False,False,False
2025-01-10 11:00:00,4226.8,4243.9,4224.35,4243.1,369436,0.0,False,False,False,False,False
2025-01-10 11:30:00,4244.0,4289.0,4242.9,4289.0,776421,0.0,False,False,False,False,False
2025-01-10 12:00:00,4288.1,4292.65,4271.55,4286.55,512959,0.0,False,False,False,False,False
2025-01-10 12:30:00,4286.55,4288.5,4274.0,4280.85,231143,0.0,False,False,False,False,False
2025-01-10 13:00:00,4280.85,4290.0,4270.2,4273.55,404650,0.0,False,False,False,False,False
2025-01-10 13:30:00,4273.55,4297.0,4268.0,4283.35,484885,0.0,False,False,False,False,False
2025-01-10 14:00:00,4283.45,4286.8,4273.45,4280.9,280087,0.0,False,False,False,False,False
2025-01-10 14:30:00,4280.15,4282.95,4260.0,4265.35,394708,0.0,False,False,False,True,False
2025-01-10 15:00:00,4265.35,4271.85,4258.55,4267.0,731355,0.0,False,False,False,False,False
2025-01-13 09:00:00,4245.0,4277.9,4227.4,4265.0,386860,0.0,False,False,False,False,False
2025-01-13 09:30:00,4265.45,4293.4,4258.55,4286.85,337821,0.0,False,False,False,False,False
2025-01-13 10:00:00,4286.55,4302.75,4266.75,4299.25,279301,0.0,False,False,False,False,False
2025-01-13 10:30:00,4299.4,4316.8,4283.45,4303.4,260039,0.0,False,False,False,False,False
2025-01-13 11:00:00,4303.4,4306.6,4283.05,4285.95,238836,0.0,False,False,False,False,False
2025-01-13 11:30:00,4286.0,4306.0,4282.7,4302.9,194108,0.0,False,False,False,False,False
2025-01-13 12:00:00,4303.7,4322.45,4299.0,4321.0,410154,0.0,False,False,False,False,False
2025-01-13 12:30:00,4321.0,4322.95,4303.0,4307.0,359711,0.0,False,False,False,False,False
2025-01-13 13:00:00,4307.0,4321.8,4306.0,4314.4,253619,0.0,False,False,False,False,False
2025-01-13 13:30:00,4314.5,4315.5,4292.85,4293.5,219522,0.0,False,False,False,False,False
2025-01-13 14:00:00,4293.8,4304.95,4291.7,4295.8,194689,0.0,False,False,False,False,False
2025-01-13 14:30:00,4296.0,4299.9,4283.8,4284.5,293599,0.0,False,False,False,False,False
2025-01-13 15:00:00,4284.5,4300.0,4282.3,4299.0,549274,0.0,False,False,False,False,False
2025-01-14 09:00:00,4302.0,4313.9,4255.55,4255.95,229403,0.0,False,False,False,False,False
2025-01-14 09:30:00,4256.95,4299.45,4250.0,4297.55,249408,0.0,False,False,False,False,False
2025-01-14 10:00:00,4297.55,4299.9,4283.0,4289.4,140535,0.0,False,False,False,False,False
2025-01-14 10:30:00,4289.4,4295.25,4268.8,4278.0,203052,0.0,False,False,False,False,False
2025-01-14 11:00:00,4278.0,4281.0,4263.35,4268.25,216716,0.0,False,False,False,False,False
2025-01-14 11:30:00,4268.7,4274.35,4259.95,4264.85,286955,0.0,False,False,False,False,False
2025-01-14 12:00:00,4265.5,4267.95,4262.25,4264.45,98341,0.0,False,False,False,False,False
2025-01-14 12:30:00,4264.05,4264.05,4240.0,4241.55,172569,0.0,False,False,False,False,False
2025-01-14 13:00:00,4241.55,4242.55,4233.6,4238.2,210088,0.0,False,False,False,False,False
2025-01-14 13:30:00,4238.2,4241.7,4228.55,4230.0,183476,0.0,False,False,False,False,False
2025-01-14 14:00:00,4230.15,4248.0,4219.05,4239.25,327666,0.0,False,False,False,False,False
2025-01-14 14:30:00,4240.75,4248.7,4235.5,4238.8,298812,0.0,False,False,False,False,False
2025-01-14 15:00:00,4238.75,4249.95,4229.05,4241.15,786407,0.0,False,False,False,False,False
2025-01-15 09:00:00,4218.0,4245.75,4218.0,4237.8,193896,0.0,False,False,False,False,False
2025-01-15 09:30:00,4237.95,4241.05,4207.45,4220.3,139284,0.0,False,False,False,False,False
2025-01-15 10:00:00,4221.15,4232.65,4217.2,4226.55,64017,0.0,False,False,False,False,False
2025-01-15 10:30:00,4226.65,4235.0,4220.05,4222.0,136003,0.0,False,False,False,False,False
2025-01-15 11:00:00,4222.0,4229.9,4213.7,4227.25,156289,0.0,False,False,False,False,False
2025-01-15 11:30:00,4226.6,4229.0,4218.3,4225.6,134815,0.0,False,False,False,False,False
2025-01-15 12:00:00,4225.6,4234.9,4223.35,4229.65,102550,0.0,False,False,False,False,False
2025-01-15 12:30:00,4229.0,4238.45,4227.75,4232.0,96379,0.0,False,False,False,False,False
2025-01-15 13:00:00,4232.0,4232.0,4218.75,4222.4,101209,0.0,False,False,False,False,False
2025-01-15 13:30:00,4222.6,4226.7,4218.05,4225.2,49468,0.0,False,False,False,False,False
2025-01-15 14:00:00,4225.2,4229.0,4222.5,4224.0,110021,0.0,False,False,False,False,False
2025-01-15 14:30:00,4224.0,4240.45,4222.0,4237.1,86297,0.0,False,False,False,False,False
2025-01-15 15:00:00,4237.0,4256.45,4237.0,4255.4,256710,0.0,False,False,False,False,False
2025-01-16 09:00:00,4260.0,4294.0,4228.0,4228.0,138264,0.0,False,False,False,False,False
2025-01-16 09:30:00,4230.65,4235.55,4208.5,4230.95,170609,0.0,True,False,False,False,False
2025-01-16 10:00:00,4230.95,4234.5,4226.0,4226.4,99999,0.0,False,False,False,False,False
2025-01-16 10:30:00,4226.8,4238.7,4222.0,4222.7,111474,0.0,False,False,False,False,False
2025-01-16 11:00:00,4222.75,4233.95,4217.55,4224.0,299709,0.0,False,False,False,False,False
2025-01-16 11:30:00,4224.0,4224.0,4209.0,4209.7,159156,0.0,False,False,False,False,False
2025-01-16 12:00:00,4209.5,4211.2,4201.2,4204.5,130692,0.0,False,False,False,False,False
2025-01-16 12:30:00,4204.4,4210.0,4200.25,4203.75,170078,0.0,False,False,False,False,False
2025-01-16 13:00:00,4203.75,4205.25,4191.85,4200.7,197925,0.0,False,True,False,False,False
2025-01-16 13:30:00,4201.05,4206.2,4198.0,4205.85,189138,0.0,False,False,False,False,False
2025-01-16 14:00:00,4205.9,4213.3,4195.0,4199.65,227586,0.0,False,False,False,False,False
2025-01-16 14:30:00,4199.7,4204.8,4192.3,4198.95,193466,0.0,False,False,False,False,False
2025-01-16 15:00:00,4198.95,4217.35,4197.15,4215.0,535109,0.0,False,False,False,False,False
2025-01-17 09:00:00,4159.9,4160.0,4100.05,4133.0,235216,0.0,False,False,False,False,False
2025-01-17 09:30:00,4133.0,4157.45,4126.1,4135.25,173077,0.0,False,False,False,False,False
2025-01-17 10:00:00,4135.25,4157.55,4131.0,4155.5,93608,0.0,False,False,False,False,False
2025-01-17 10:30:00,4155.0,4160.6,4133.3,4135.05,104047,0.0,False,False,False,False,False
2025-01-17 11:00:00,4135.05,4140.0,4131.0,4135.9,100236,0.0,False,False,False,False,False
2025-01-17 11:30:00,4135.9,4139.4,4120.0,4124.4,181511,0.0,False,False,False,False,False
2025-01-17 12:00:00,4124.4,4140.0,4121.4,4133.55,133211,0.0,False,False,False,False,False
2025-01-17 12:30:00,4133.55,4142.0,4128.4,4140.4,115110,0.0,False,False,False,False,False
2025-01-17 13:00:00,4140.4,4143.6,4134.55,4139.3,74434,0.0,False,False,False,False,False
2025-01-17 13:30:00,4139.3,4146.0,4135.9,4138.95,75290,0.0,True,False,False,False,False
2025-01-17 14:00:00,4138.95,4141.95,4128.8,4135.3,104003,0.0,False,False,False,False,False
2025-01-17 14:30:00,4135.3,4138.0,4131.15,4133.35,85841,0.0,False,False,False,False,False
2025-01-17 15:00:00,4133.35,4133.35,4121.45,4130.0,269864,0.0,False,True,False,False,False
2025-01-20 09:00:00,4145.75,4145.75,4086.5,4093.9,122651,0.0,False,False,False,False,False
2025-01-20 09:30:00,4093.9,4098.6,4071.0,4083.75,125251,0.0,False,False,False,False,False
2025-01-20 10:00:00,4083.75,4092.7,4079.15,4081.55,58363,0.0,False,False,False,False,False
2025-01-20 10:30:00,4081.55,4091.75,4080.0,4082.15,50686,0.0,False,False,False,False,False
2025-01-20 11:00:00,4082.1,4090.0,4077.15,4089.2,43118,0.0,False,False,False,False,False
2025-01-20 11:30:00,4088.3,4099.95,4088.0,4097.05,69310,0.0,False,False,False,False,False
2025-01-20 12:00:00,4095.55,4097.0,4084.05,4084.5,84843,0.0,False,False,False,False,False
2025-01-20 12:30:00,4084.25,4086.95,4075.55,4077.7,97257,0.0,False,False,False,False,False
2025-01-20 13:00:00,4077.05,4082.85,4071.45,4073.4,114010,0.0,False,False,False,False,False
2025-01-20 13:30:00,4073.4,4078.2,4068.1,4073.65,125825,0.0,True,False,False,False,False
2025-01-20 14:00:00,4073.65,4081.65,4073.05,4078.7,60902,0.0,False,False,False,False,False
2025-01-20 14:30:00,4078.7,4086.4,4077.6,4081.95,112853,0.0,False,False,False,False,False
2025-01-20 15:00:00,4082.7,4082.7,4073.35,4080.0,194891,0.0,False,True,False,False,False
2025-01-21 09:00:00,4095.3,4111.0,4083.0,4092.5,119696,0.0,False,False,True,False,False
2025-01-21 09:30:00,4093.7,4096.95,4067.0,4083.35,141011,0.0,False,False,False,False,False
2025-01-21 10:00:00,4082.25,4090.0,4055.55,4058.35,114024,0.0,False,False,False,False,False
2025-01-21 10:30:00,4058.4,4068.95,4057.55,4063.0,45399,0.0,False,False,False,False,False
2025-01-21 11:00:00,4062.0,4065.2,4056.3,4058.65,47126,0.0,False,False,False,False,False
2025-01-21 11:30:00,4058.65,4109.05,4052.0,4094.25,332718,0.0,False,False,False,False,False
2025-01-21 12:00:00,4094.25,4099.85,4048.0,4051.55,164180,0.0,False,False,False,False,False
2025-01-21 12:30:00,4051.2,4088.6,4050.0,4082.15,79908,0.0,False,False,False,False,False
2025-01-21 13:00:00,4080.9,4093.8,4054.95,4087.05,106787,0.0,False,False,False,False,False
2025-01-21 13:30:00,4086.25,4091.0,4070.05,4077.35,54211,0.0,False,False,False,False,False
2025-01-21 14:00:00,4077.35,4084.75,4059.3,4061.95,82910,0.0,False,False,False,False,False
2025-01-21 14:30:00,4061.95,4066.65,4030.5,4041.15,300550,0.0,False,False,False,False,False
2025-01-21 15:00:00,4041.85,4041.95,4030.0,4038.0,373853,0.0,False,True,False,False,False
2025-01-22 09:00:00,4050.0,4079.9,4044.2,4070.45,114823,0.0,False,False,True,False,False
2025-01-22 09:30:00,4070.0,4099.9,4063.5,4089.9,192728,0.0,False,False,False,False,False
2025-01-22 10:00:00,4088.45,4115.75,4088.15,4115.75,149841,0.0,False,False,False,False,False
2025-01-22 10:30:00,4114.35,4142.0,4107.4,4124.05,251726,0.0,False,False,False,False,False
2025-01-22 11:00:00,4124.0,4135.8,4122.9,4127.1,106897,0.0,False,False,False,False,False
2025-01-22 11:30:00,4127.6,4136.9,4125.95,4129.25,86216,0.0,False,False,False,False,False
2025-01-22 12:00:00,4129.25,4136.5,4121.2,4128.5,133862,0.0,True,False,False,False,False
2025-01-22 12:30:00,4128.5,4134.0,4123.5,4134.0,76411,0.0,False,False,False,False,False
2025-01-22 13:00:00,4134.0,4152.6,4129.95,4147.9,164505,0.0,False,False,False,False,False
2025-01-22 13:30:00,4147.7,4155.0,4137.5,4153.95,174245,0.0,False,False,False,False,False
2025-01-22 14:00:00,4153.95,4155.55,4141.2,4152.0,178737,0.0,False,True,False,False,False
2025-01-22 14:30:00,4152.25,4162.2,4150.0,4160.0,300399,0.0,False,False,False,False,False
2025-01-22 15:00:00,4160.1,4163.15,4147.4,4152.0,463139,0.0,False,False,False,False,False
2025-01-23 09:00:00,4168.0,4191.35,4156.7,4173.25,191309,0.0,False,False,False,False,False
2025-01-23 09:30:00,4173.05,4187.4,4156.6,4177.8,174787,0.0,False,False,False,False,False
2025-01-23 10:00:00,4177.8,4186.35,4170.25,4179.35,89978,0.0,False,False,False,False,False
2025-01-23 10:30:00,4179.35,4181.55,4161.0,4161.0,169339,0.0,False,False,False,False,False
2025-01-23 11:00:00,4162.75,4170.0,4155.6,4159.55,215490,0.0,False,False,False,False,False
2025-01-23 11:30:00,4159.55,4174.3,4158.65,4161.6,94037,0.0,False,False,False,False,False
2025-01-23 12:00:00,4161.6,4169.6,4160.4,4168.0,38530,0.0,False,False,False,False,False
2025-01-23 12:30:00,4168.0,4170.0,4162.05,4165.5,49463,0.0,False,False,False,False,False
2025-01-23 13:00:00,4165.8,4166.05,4157.0,4159.5,50851,0.0,False,False,False,False,False
2025-01-23 13:30:00,4160.2,4166.55,4157.25,4161.6,95088,0.0,False,False,False,False,False
2025-01-23 14:00:00,4160.7,4163.45,4141.65,4146.55,120811,0.0,False,False,False,False,False
2025-01-23 14:30:00,4146.4,4150.0,4140.05,4147.95,146635,0.0,False,False,False,False,False
2025-01-23 15:00:00,4147.95,4150.9,4140.55,4148.0,378248,0.0,True,False,False,False,False
2025-01-24 09:00:00,4104.0,4168.85,4104.0,4158.55,230080,0.0,False,False,False,False,False
2025-01-24 09:30:00,4158.55,4177.75,4154.5,4162.75,145968,0.0,False,False,False,False,False
2025-01-24 10:00:00,4159.5,4166.9,4148.55,4158.05,61328,0.0,False,False,False,False,False
2025-01-24 10:30:00,4158.05,4163.25,4153.45,4156.0,69923,0.0,False,False,False,False,False
2025-01-24 11:00:00,4155.95,4163.15,4154.2,4155.6,132941,0.0,True,False,False,False,False
2025-01-24 11:30:00,4155.6,4178.0,4155.6,4168.05,149847,0.0,False,False,False,False,False
2025-01-24 12:00:00,4168.05,4172.9,4160.0,4163.9,80040,0.0,False,False,False,False,False
2025-01-24 12:30:00,4163.9,4164.75,4145.15,4150.95,89653,0.0,False,False,False,False,False
2025-01-24 13:00:00,4151.75,4157.9,4143.05,4155.0,80212,0.0,False,True,False,False,False
2025-01-24 13:30:00,4155.0,4155.0,4150.1,4152.8,65403,0.0,False,False,False,False,False
2025-01-24 14:00:00,4152.8,4159.9,4149.85,4155.0,116319,0.0,False,False,False,False,False
2025-01-24 14:30:00,4155.0,4158.9,4148.5,4155.95,176819,0.0,False,False,False,False,False
2025-01-24 15:00:00,4155.85,4162.05,4147.7,4153.1,467094,0.0,False,False,False,False,False
2025-01-27 09:00:00,4102.0,4156.35,4086.0,4149.9,249908,0.0,False,False,False,False,False
2025-01-27 09:30:00,4151.0,4153.2,4104.45,4106.75,207649,0.0,False,False,False,False,False
2025-01-27 10:00:00,4106.95,4112.95,4080.0,4080.25,204697,0.0,False,False,False,False,False
2025-01-27 10:30:00,4080.25,4081.4,4060.7,4064.6,55925,0.0,False,False,False,False,False
2025-01-27 11:00:00,4064.6,4075.05,4056.0,4068.85,63676,0.0,False,False,False,False,False
2025-01-27 11:30:00,4068.85,4070.0,4053.0,4059.05,79828,0.0,False,False,False,False,False
2025-01-27 12:00:00,4060.35,4067.65,4054.55,4066.0,66717,0.0,False,False,False,False,False
2025-01-27 12:30:00,4066.0,4066.45,4045.5,4050.0,92748,0.0,False,False,False,False,False
2025-01-27 13:00:00,4050.0,4052.55,4042.0,4044.9,86848,0.0,False,False,False,False,False
2025-01-27 13:30:00,4044.9,4060.25,4041.05,4059.55,71490,0.0,False,False,False,False,False
2025-01-27 14:00:00,4059.25,4060.45,4050.4,4058.65,72797,0.0,False,False,False,False,False
2025-01-27 14:30:00,4058.65,4068.25,4051.45,4064.4,96932,0.0,False,False,False,False,False
2025-01-27 15:00:00,4064.35,4070.05,4061.05,4067.0,179564,0.0,False,False,False,False,False
2025-01-28 09:00:00,4070.8,4102.0,4066.0,4099.95,226270,0.0,False,False,False,False,False
2025-01-28 09:30:00,4099.95,4100.0,4076.65,4084.35,177237,0.0,False,False,False,False,False
2025-01-28 10:00:00,4084.35,4088.75,4072.65,4086.6,150802,0.0,False,True,False,False,False
2025-01-28 10:30:00,4087.0,4088.7,4034.15,4044.65,155333,0.0,False,False,False,False,False
2025-01-28 11:00:00,4044.35,4076.25,4041.15,4058.3,207271,0.0,False,False,False,False,False
2025-01-28 11:30:00,4058.3,4066.75,4035.4,4036.5,172467,0.0,False,False,False,False,False
2025-01-28 12:00:00,4035.35,4054.0,4032.95,4040.75,171733,0.0,False,False,False,False,False
2025-01-28 12:30:00,4040.75,4046.0,4034.65,4038.75,130460,0.0,False,False,False,False,False
2025-01-28 13:00:00,4038.75,4051.95,4038.0,4045.5,77549,0.0,False,False,False,False,False
2025-01-28 13:30:00,4045.5,4060.0,4044.55,4057.25,108642,0.0,False,False,False,False,False
2025-01-28 14:00:00,4057.15,4072.95,4050.4,4069.9,122573,0.0,False,False,False,False,False
2025-01-28 14:30:00,4069.9,4073.45,4034.55,4037.05,316853,0.0,False,False,False,False,False
2025-01-28 15:00:00,4037.05,4048.15,4028.3,4040.0,424434,0.0,False,False,False,False,False
2025-01-29 09:00:00,4054.0,4089.4,4054.0,4081.0,106999,0.0,False,False,True,False,False
2025-01-29 09:30:00,4080.0,4107.85,4080.0,4104.35,154515,0.0,False,False,False,False,False
2025-01-29 10:00:00,4104.35,4107.55,4090.0,4096.65,153949,0.0,False,False,False,False,False
2025-01-29 10:30:00,4096.65,4100.6,4091.0,4100.0,56443,0.0,False,False,False,False,False
2025-01-29 11:00:00,4100.0,4100.0,4068.4,4079.8,87959,0.0,False,False,False,False,False
2025-01-29 11:30:00,4079.8,4091.0,4078.65,4082.55,54475,0.0,False,False,False,False,False
2025-01-29 12:00:00,4082.55,4091.9,4075.7,4076.35,63757,0.0,False,False,False,False,False
2025-01-29 12:30:00,4076.35,4084.55,4071.6,4081.2,61433,0.0,False,False,False,False,False
2025-01-29 13:00:00,4081.25,4092.2,4072.0,4092.05,75731,0.0,False,False,False,False,False
2025-01-29 13:30:00,4092.15,4101.0,4088.05,4096.0,75911,0.0,False,False,False,False,False
2025-01-29 14:00:00,4096.0,4100.85,4091.55,4094.85,123309,0.0,False,False,False,False,False
2025-01-29 14:30:00,4094.85,4097.15,4088.65,4093.7,61195,0.0,False,False,False,True,False
2025-01-29 15:00:00,4093.85,4105.0,4092.4,4105.0,137189,0.0,False,False,False,False,False
2025-01-30 09:00:00,4112.35,4112.35,4082.0,4089.8,80765,0.0,False,False,False,False,False
2025-01-30 09:30:00,4089.85,4103.85,4089.85,4098.7,56390,0.0,False,False,False,False,False
2025-01-30 10:00:00,4098.7,4129.9,4098.05,4125.95,92071,0.0,False,False,False,False,False
2025-01-30 10:30:00,4124.75,4127.6,4107.95,4113.3,76053,0.0,False,False,False,False,False
2025-01-30 11:00:00,4113.3,4122.95,4100.95,4103.0,132282,0.0,False,False,False,False,False
2025-01-30 11:30:00,4103.75,4104.75,4090.0,4091.3,42142,0.0,False,False,False,False,False
2025-01-30 12:00:00,4091.05,4101.45,4090.75,4095.55,64666,0.0,False,False,False,False,False
2025-01-30 12:30:00,4095.55,4111.25,4092.5,4108.4,73019,0.0,False,False,False,False,False
2025-01-30 13:00:00,4108.4,4113.45,4099.15,4100.15,114796,0.0,False,False,False,False,False
2025-01-30 13:30:00,4100.05,4105.45,4092.6,4095.85,89523,0.0,False,False,False,False,False
2025-01-30 14:00:00,4095.45,4102.65,4070.3,4070.5,84539,0.0,False,False,False,False,False
2025-01-30 14:30:00,4070.15,4084.6,4058.6,4078.95,154123,0.0,False,False,False,False,False
2025-01-30 15:00:00,4079.85,4124.0,4079.85,4108.0,467778,0.0,False,False,False,False,False
2025-01-31 09:00:00,4110.0,4120.1,4092.0,4116.85,81021,0.0,False,True,False,False,False
2025-01-31 09:30:00,4116.6,4128.45,4108.2,4112.45,68958,0.0,False,False,False,False,False
2025-01-31 10:00:00,4112.45,4114.6,4085.25,4108.85,83583,0.0,False,True,False,False,False
2025-01-31 10:30:00,4108.85,4110.0,4098.0,4098.4,33941,0.0,False,False,False,False,False
2025-01-31 11:00:00,4098.35,4108.0,4088.3,4099.35,58638,0.0,False,False,False,False,False
2025-01-31 11:30:00,4098.65,4108.0,4094.0,4099.05,62927,0.0,True,False,False,False,False
2025-01-31 12:00:00,4101.4,4102.7,4090.95,4093.0,23057,0.0,False,False,False,False,False
2025-01-31 12:30:00,4093.05,4107.05,4093.0,4097.85,61273,0.0,False,False,False,False,False
2025-01-31 13:00:00,4097.85,4113.95,4097.1,4111.25,151392,0.0,False,False,False,False,False
2025-01-31 13:30:00,4111.25,4113.95,4100.35,4104.45,83923,0.0,False,False,False,False,False
2025-01-31 14:00:00,4104.45,4108.35,4093.05,4100.85,218864,0.0,False,False,False,False,False
2025-01-31 14:30:00,4100.9,4110.0,4099.4,4106.0,101422,0.0,False,False,False,False,False
2025-01-31 15:00:00,4105.25,4121.0,4105.25,4114.15,455004,0.0,False,False,False,False,False
2025-02-03 09:00:00,4030.9,4064.0,3998.7,4030.6,189615,0.0,True,False,False,False,False
2025-02-03 09:30:00,4030.55,4068.7,4018.1,4025.95,212413,0.0,False,False,False,True,False
2025-02-03 10:00:00,4025.95,4042.5,4017.9,4035.6,69783,0.0,False,False,False,False,False
2025-02-03 10:30:00,4035.6,4044.75,4026.45,4042.5,57195,0.0,False,False,False,False,False
2025-02-03 11:00:00,4042.55,4044.8,4027.45,4031.1,69959,0.0,False,False,False,False,False
2025-02-03 11:30:00,4030.5,4043.95,4028.15,4038.65,57912,0.0,False,False,False,False,False
2025-02-03 12:00:00,4039.0,4051.5,4038.0,4043.2,55332,0.0,False,False,False,False,False
2025-02-03 12:30:00,4043.2,4048.55,4039.0,4047.8,48203,0.0,False,False,False,False,False
2025-02-03 13:00:00,4047.2,4068.0,4047.2,4062.75,84351,0.0,False,False,False,False,False
2025-02-03 13:30:00,4062.45,4062.75,4052.3,4058.45,53848,0.0,False,False,False,False,False
2025-02-03 14:00:00,4058.45,4075.1,4057.25,4074.2,59916,0.0,False,False,False,False,False
2025-02-03 14:30:00,4074.15,4077.0,4060.9,4067.5,102494,0.0,False,False,False,False,False
2025-02-03 15:00:00,4067.5,4073.15,4061.0,4064.0,188167,0.0,False,False,False,False,False
2025-02-04 09:00:00,4083.7,4094.0,4070.6,4077.5,102529,0.0,False,False,False,False,False
2025-02-04 09:30:00,4077.4,4095.0,4066.05,4092.0,100367,0.0,False,False,False,False,False
2025-02-04 10:00:00,4092.9,4102.35,4085.0,4088.0,76426,0.0,False,False,False,False,False
2025-02-04 10:30:00,4088.0,4094.95,4077.75,4083.0,114286,0.0,False,False,False,False,False
2025-02-04 11:00:00,4083.0,4089.95,4081.8,4083.95,101926,0.0,False,False,False,False,False
2025-02-04 11:30:00,4083.95,4095.0,4076.05,4080.9,133201,0.0,False,False,False,False,False
2025-02-04 12:00:00,4081.05,4085.0,4076.0,4084.65,58425,0.0,False,False,False,False,False
2025-02-04 12:30:00,4084.65,4089.15,4080.0,4081.95,84932,0.0,False,False,False,False,False
2025-02-04 13:00:00,4082.2,4101.4,4080.0,4098.15,130668,0.0,False,False,False,False,False
2025-02-04 13:30:00,4098.15,4110.95,4096.85,4104.0,153526,0.0,False,False,False,False,False
2025-02-04 14:00:00,4104.6,4109.1,4086.95,4099.15,546449,0.0,False,True,False,False,False
2025-02-04 14:30:00,4099.15,4118.85,4098.5,4116.75,247486,0.0,False,False,False,False,False
2025-02-04 15:00:00,4116.8,4118.3,4095.1,4105.15,693457,0.0,False,False,False,False,False
2025-02-05 09:00:00,4150.0,4150.0,4107.55,4127.9,213936,0.0,False,False,False,False,False
2025-02-05 09:30:00,4127.4,4131.7,4091.05,4097.9,127788,0.0,False,False,False,False,False
2025-02-05 10:00:00,4097.9,4108.75,4090.1,4108.35,87330,0.0,False,False,False,False,False
2025-02-05 10:30:00,4108.35,4108.95,4099.0,4099.15,41321,0.0,False,False,False,False,False
2025-02-05 11:00:00,4099.2,4101.85,4085.0,4090.0,90232,0.0,False,False,False,False,False
2025-02-05 11:30:00,4090.0,4092.5,4086.7,4087.95,58067,0.0,False,False,False,False,False
2025-02-05 12:00:00,4087.95,4090.0,4080.6,4083.95,69015,0.0,False,False,False,False,False
2025-02-05 12:30:00,4084.0,4086.55,4078.65,4084.35,85828,0.0,True,False,False,False,False
2025-02-05 13:00:00,4084.2,4088.0,4078.1,4081.2,66448,0.0,False,False,False,False,False
2025-02-05 13:30:00,4081.2,4084.5,4076.0,4083.75,58185,0.0,False,True,False,False,False
2025-02-05 14:00:00,4083.8,4086.0,4077.8,4081.85,61406,0.0,False,False,False,False,False
2025-02-05 14:30:00,4081.85,4089.5,4081.7,4088.55,125905,0.0,False,False,False,False,False
2025-02-05 15:00:00,4088.5,4094.45,4081.7,4086.0,475810,0.0,False,False,False,False,False
2025-02-06 09:00:00,4105.4,4139.5,4097.9,4102.1,274757,0.0,False,False,True,False,False
2025-02-06 09:30:00,4102.1,4103.15,4078.25,4086.9,216516,0.0,False,False,False,False,False
2025-02-06 10:00:00,4085.9,4093.9,4080.5,4086.7,103990,0.0,False,False,False,False,False
2025-02-06 10:30:00,4086.75,4100.0,4078.55,4090.0,147628,0.0,False,False,False,False,False
2025-02-06 11:00:00,4090.0,4093.0,4079.7,4081.1,175430,0.0,False,False,False,False,False
2025-02-06 11:30:00,4081.1,4085.0,4073.75,4075.0,87109,0.0,False,False,False,False,False
2025-02-06 12:00:00,4075.05,4076.8,4065.0,4068.35,73687,0.0,False,False,False,False,False
2025-02-06 12:30:00,4068.15,4070.0,4063.45,4065.0,77630,0.0,False,False,False,False,False
2025-02-06 13:00:00,4064.95,4065.15,4060.3,4061.05,82889,0.0,False,False,False,False,False
2025-02-06 13:30:00,4061.0,4062.9,4051.55,4062.1,116914,0.0,False,True,False,False,False
2025-02-06 14:00:00,4061.9,4063.9,4054.35,4059.55,138306,0.0,False,True,False,False,False
2025-02-06 14:30:00,4059.55,4072.0,4054.45,4072.0,214677,0.0,False,False,False,False,False
2025-02-06 15:00:00,4072.0,4091.5,4072.0,4087.0,429132,0.0,False,False,False,False,False
2025-02-07 09:00:00,4090.0,4090.0,4030.95,4032.55,185428,0.0,False,False,False,False,False
2025-02-07 09:30:00,4032.25,4047.8,4028.3,4045.1,150670,0.0,False,False,False,False,False
2025-02-07 10:00:00,4046.9,4054.0,4039.15,4054.0,65042,0.0,False,False,False,False,False
2025-02-07 10:30:00,4054.45,4055.55,4045.0,4045.55,47706,0.0,False,False,False,False,False
2025-02-07 11:00:00,4045.55,4048.0,4040.0,4046.5,47257,0.0,False,False,False,False,False
2025-02-07 11:30:00,4046.5,4049.0,4033.45,4035.65,54059,0.0,False,False,False,False,False
2025-02-07 12:00:00,4036.05,4042.45,4028.0,4041.9,123711,0.0,False,False,False,False,False
2025-02-07 12:30:00,4041.6,4042.0,4026.95,4027.15,60374,0.0,False,False,False,False,False
2025-02-07 13:00:00,4027.75,4028.2,4019.25,4021.75,95984,0.0,False,False,False,False,False
2025-02-07 13:30:00,4022.6,4028.5,4014.15,4020.65,95506,0.0,False,False,False,False,False
2025-02-07 14:00:00,4020.65,4022.5,4012.0,4013.0,72616,0.0,False,False,False,False,False
2025-02-07 14:30:00,4013.0,4018.25,4008.0,4016.6,119147,0.0,False,False,False,False,False
2025-02-07 15:00:00,4017.0,4034.4,4017.0,4032.0,314433,0.0,False,False,False,False,False
2025-02-10 09:00:00,4040.0,4040.4,4014.35,4031.15,108881,0.0,False,False,False,False,False
2025-02-10 09:30:00,4031.05,4050.0,4023.05,4031.25,109743,0.0,True,False,False,False,False
2025-02-10 10:00:00,4031.25,4033.5,4014.75,4020.85,59146,0.0,False,False,False,False,False
2025-02-10 10:30:00,4020.9,4038.7,4020.0,4036.0,43718,0.0,False,False,False,False,False
2025-02-10 11:00:00,4036.3,4052.0,4029.25,4038.0,60958,0.0,False,False,False,False,False
2025-02-10 11:30:00,4038.0,4038.85,4030.0,4034.55,72416,0.0,False,False,False,False,False
2025-02-10 12:00:00,4034.6,4041.75,4028.55,4032.95,107327,0.0,False,False,False,False,False
2025-02-10 12:30:00,4032.9,4042.7,4028.75,4034.95,85519,0.0,False,False,False,False,False
2025-02-10 13:00:00,4035.05,4045.0,4032.65,4042.8,59513,0.0,False,False,False,False,False
2025-02-10 13:30:00,4042.8,4042.8,4033.65,4039.95,54210,0.0,False,True,False,False,False
2025-02-10 14:00:00,4039.95,4040.0,4029.6,4034.1,63100,0.0,False,False,False,False,False
2025-02-10 14:30:00,4034.1,4046.0,4030.0,4040.75,125701,0.0,False,False,False,False,False
2025-02-10 15:00:00,4040.75,4042.65,4030.1,4034.0,202747,0.0,False,False,False,False,False
2025-02-11 09:00:00,4018.4,4028.95,4005.05,4023.95,217474,0.0,False,True,False,False,False
2025-02-11 09:30:00,4023.95,4040.0,4016.0,4034.85,125336,0.0,False,False,False,False,False
2025-02-11 10:00:00,4034.85,4037.7,4005.0,4014.15,79399,0.0,False,False,False,False,False
2025-02-11 10:30:00,4014.15,4025.75,4010.0,4011.05,71265,0.0,False,False,False,False,False
2025-02-11 11:00:00,4010.7,4023.0,4002.15,4020.9,63917,0.0,False,False,False,False,False
2025-02-11 11:30:00,4020.9,4022.05,3995.0,3998.75,111379,0.0,False,False,False,False,False
2025-02-11 12:00:00,3998.75,4002.4,3992.0,4000.0,49873,0.0,False,False,False,False,False
2025-02-11 12:30:00,4000.8,4004.9,3991.0,3993.1,56659,0.0,False,False,False,False,False
2025-02-11 13:00:00,3993.1,3993.1,3958.85,3963.15,157633,0.0,False,False,False,False,False
2025-02-11 13:30:00,3963.15,3969.5,3955.55,3963.7,61449,0.0,True,False,False,False,False
2025-02-11 14:00:00,3963.8,3968.7,3955.0,3961.0,108820,0.0,False,False,False,False,False
2025-02-11 14:30:00,3960.55,3980.7,3959.0,3967.6,127297,0.0,False,False,False,False,False
2025-02-11 15:00:00,3968.75,3969.1,3960.1,3967.0,386549,0.0,False,True,False,False,False
2025-02-12 09:00:00,3971.1,4021.75,3970.0,4009.1,244693,0.0,False,False,True,False,False
2025-02-12 09:30:00,4009.1,4018.0,3997.0,4003.0,212142,0.0,False,False,False,False,False
2025-02-12 10:00:00,4003.75,4003.75,3982.95,3987.05,140446,0.0,False,False,False,True,False
2025-02-12 10:30:00,3987.1,3990.55,3963.0,3963.2,159402,0.0,False,False,False,False,False
2025-02-12 11:00:00,3964.25,3970.7,3950.0,3950.7,108610,0.0,False,False,False,False,False
2025-02-12 11:30:00,3950.0,3979.7,3945.05,3971.0,78226,0.0,False,False,False,False,False
2025-02-12 12:00:00,3971.0,3973.95,3958.15,3962.1,66932,0.0,False,False,False,False,False
2025-02-12 12:30:00,3962.1,3968.5,3960.0,3966.5,72821,0.0,False,False,False,False,False
2025-02-12 13:00:00,3966.5,3967.0,3960.0,3963.15,43342,0.0,False,False,False,False,False
2025-02-12 13:30:00,3963.15,3967.0,3952.05,3953.85,44146,0.0,False,False,False,False,False
2025-02-12 14:00:00,3953.85,3959.65,3950.9,3957.45,41367,0.0,False,False,False,False,False
2025-02-12 14:30:00,3957.45,3957.8,3940.15,3941.7,72115,0.0,False,False,False,False,False
2025-02-12 15:00:00,3941.55,3956.75,3941.55,3956.25,173885,0.0,False,False,False,False,False
2025-02-13 09:00:00,3968.0,3984.45,3918.85,3920.2,229454,0.0,False,False,False,False,False
2025-02-13 09:30:00,3921.05,3942.8,3918.6,3938.2,176999,0.0,False,False,False,False,False
2025-02-13 10:00:00,3938.9,3948.8,3932.6,3937.25,117306,0.0,False,False,False,False,False
2025-02-13 10:30:00,3937.25,3954.0,3931.0,3948.4,143090,0.0,False,False,False,False,False
2025-02-13 11:00:00,3948.4,3953.0,3940.0,3948.5,85472,0.0,True,False,False,False,False
2025-02-13 11:30:00,3948.5,3956.0,3947.2,3949.75,100616,0.0,False,False,False,False,False
2025-02-13 12:00:00,3950.85,3951.0,3935.2,3939.45,71782,0.0,False,False,False,False,False
2025-02-13 12:30:00,3939.45,3946.2,3937.45,3944.05,85077,0.0,False,False,False,False,False
2025-02-13 13:00:00,3944.0,3950.0,3937.2,3940.0,153844,0.0,False,False,False,False,False
2025-02-13 13:30:00,3940.0,3942.95,3926.05,3930.35,169606,0.0,False,False,False,False,False
2025-02-13 14:00:00,3930.35,3935.0,3918.05,3925.2,188185,0.0,False,False,False,False,False
2025-02-13 14:30:00,3925.2,3925.6,3902.25,3915.25,333360,0.0,False,False,False,False,False
2025-02-13 15:00:00,3915.25,3920.9,3904.35,3920.0,287502,0.0,False,True,False,False,False
2025-02-14 09:00:00,3925.0,3934.95,3904.9,3906.3,109351,0.0,False,False,False,False,False
2025-02-14 09:30:00,3906.3,3915.4,3900.15,3909.75,83632,0.0,False,False,False,False,False
2025-02-14 10:00:00,3909.85,3937.0,3909.75,3925.7,114149,0.0,False,False,False,False,False
2025-02-14 10:30:00,3926.45,3930.4,3910.65,3912.0,166097,0.0,False,False,False,False,False
2025-02-14 11:00:00,3912.0,3912.25,3900.0,3908.45,121709,0.0,False,True,False,False,False
2025-02-14 11:30:00,3908.45,3920.4,3905.05,3920.0,61260,0.0,False,False,False,False,False
2025-02-14 12:00:00,3920.0,3920.0,3907.9,3915.25,121582,0.0,False,False,False,False,False
2025-02-14 12:30:00,3915.25,3928.75,3912.2,3922.75,98633,0.0,False,False,False,False,False
2025-02-14 13:00:00,3922.75,3927.4,3911.65,3924.25,68384,0.0,False,False,False,False,False
2025-02-14 13:30:00,3924.25,3929.1,3919.85,3925.8,55003,0.0,False,False,False,False,False
2025-02-14 14:00:00,3925.8,3935.5,3919.75,3933.4,100176,0.0,False,False,False,False,False
2025-02-14 14:30:00,3933.4,3948.0,3931.5,3940.1,104560,0.0,False,False,False,False,False
2025-02-14 15:00:00,3941.15,3945.0,3922.45,3928.0,183394,0.0,False,False,False,False,False
2025-02-17 09:00:00,3856.5,3919.25,3856.2,3901.05,173563,0.0,False,False,False,False,False
2025-02-17 09:30:00,3901.05,3907.4,3878.2,3904.8,158703,0.0,False,True,False,False,False
2025-02-17 10:00:00,3906.05,3932.95,3906.0,3919.95,96493,0.0,False,False,False,False,False
2025-02-17 10:30:00,3919.95,3934.0,3916.45,3920.8,86145,0.0,True,False,False,False,False
2025-02-17 11:00:00,3920.8,3928.5,3907.6,3927.95,86188,0.0,False,False,False,False,False
2025-02-17 11:30:00,3927.9,3932.8,3920.0,3926.2,78009,0.0,False,False,False,False,False
2025-02-17 12:00:00,3926.2,3930.15,3917.3,3920.25,73058,0.0,False,False,False,True,False
2025-02-17 12:30:00,3920.25,3932.1,3918.25,3927.85,122473,0.0,False,False,False,False,False
2025-02-17 13:00:00,3927.85,3930.0,3910.5,3917.4,48837,0.0,False,False,False,False,False
2025-02-17 13:30:00,3917.4,3925.15,3914.1,3916.85,64829,0.0,True,False,False,False,False
2025-02-17 14:00:00,3916.85,3920.0,3911.0,3915.05,86285,0.0,False,False,False,False,False
2025-02-17 14:30:00,3915.05,3915.1,3907.0,3909.4,107757,0.0,False,False,False,False,False
2025-02-17 15:00:00,3909.4,3911.5,3900.05,3908.0,287149,0.0,False,False,False,False,False
2025-02-18 09:00:00,3898.4,3914.95,3882.95,3912.2,232592,0.0,False,False,False,False,False
2025-02-18 09:30:00,3912.0,3915.0,3900.0,3914.0,182517,0.0,False,True,False,False,False
2025-02-18 10:00:00,3914.0,3924.4,3905.0,3906.95,309443,0.0,False,False,False,False,False
2025-02-18 10:30:00,3906.0,3907.15,3890.95,3895.4,99697,0.0,False,False,False,False,False
2025-02-18 11:00:00,3895.4,3896.1,3871.35,3875.75,107062,0.0,False,False,False,False,False
2025-02-18 11:30:00,3875.75,3885.8,3872.4,3880.95,225528,0.0,False,False,False,False,False
2025-02-18 12:00:00,3880.95,3881.9,3872.4,3877.4,78181,0.0,False,False,False,False,False
2025-02-18 12:30:00,3877.0,3892.65,3875.0,3884.25,90629,0.0,False,False,False,False,False
2025-02-18 13:00:00,3883.4,3888.65,3880.0,3883.15,107590,0.0,True,False,False,False,False
2025-02-18 13:30:00,3883.15,3887.55,3880.5,3884.1,69226,0.0,False,False,False,False,False
2025-02-18 14:00:00,3883.1,3884.8,3873.05,3882.0,71814,0.0,False,False,False,False,False
2025-02-18 14:30:00,3882.0,3882.2,3875.0,3880.0,79472,0.0,False,True,False,False,False
2025-02-18 15:00:00,3880.0,3883.5,3864.5,3873.0,223018,0.0,False,False,False,False,False
2025-02-19 09:00:00,3872.2,3874.95,3795.85,3796.05,371267,0.0,False,False,False,False,False
2025-02-19 09:30:00,3795.95,3821.8,3792.5,3821.8,320795,0.0,False,False,False,False,False
2025-02-19 10:00:00,3821.75,3829.9,3816.05,3821.7,410528,0.0,True,False,False,False,False
2025-02-19 10:30:00,3821.7,3822.45,3793.45,3795.65,398886,0.0,False,False,False,True,False
2025-02-19 11:00:00,3795.65,3795.7,3777.25,3783.2,332104,0.0,False,False,False,False,False
2025-02-19 11:30:00,3782.05,3795.75,3781.0,3794.35,134779,0.0,False,False,False,False,False
2025-02-19 12:00:00,3795.0,3799.75,3790.15,3790.45,135219,0.0,False,False,False,False,False
2025-02-19 12:30:00,3790.45,3792.65,3778.4,3779.0,131056,0.0,False,False,False,False,False
2025-02-19 13:00:00,3779.05,3781.0,3768.15,3770.75,186285,0.0,False,False,False,False,False
2025-02-19 13:30:00,3770.75,3781.0,3769.25,3777.0,167577,0.0,False,False,False,False,False
2025-02-19 14:00:00,3777.0,3787.85,3774.45,3780.0,209868,0.0,False,False,False,False,False
2025-02-19 14:30:00,3780.0,3785.0,3780.0,3781.55,240506,0.0,False,False,False,False,False
2025-02-19 15:00:00,3781.5,3785.05,3781.4,3785.0,439721,0.0,False,False,False,False,False
2025-02-20 09:00:00,3761.5,3779.0,3751.3,3764.95,315012,0.0,False,False,False,False,False
2025-02-20 09:30:00,3763.55,3777.75,3760.85,3769.65,485632,0.0,False,False,False,False,False
2025-02-20 10:00:00,3769.65,3777.45,3765.55,3772.7,173700,0.0,False,False,False,False,False
2025-02-20 10:30:00,3772.3,3778.5,3768.0,3773.8,88687,0.0,False,False,False,False,False
2025-02-20 11:00:00,3773.8,3779.85,3770.7,3772.0,98753,0.0,False,False,False,False,False
2025-02-20 11:30:00,3772.0,3782.0,3771.9,3781.7,156693,0.0,False,False,False,False,False
2025-02-20 12:00:00,3781.75,3782.6,3777.45,3780.0,128095,0.0,False,False,False,False,False
2025-02-20 12:30:00,3780.0,3780.0,3772.75,3772.75,92673,0.0,False,False,False,True,False
2025-02-20 13:00:00,3772.85,3781.65,3770.05,3773.9,164029,0.0,False,False,False,False,False
2025-02-20 13:30:00,3773.9,3777.0,3771.0,3771.5,91261,0.0,False,False,False,False,False
2025-02-20 14:00:00,3771.5,3774.95,3771.0,3774.0,324734,0.0,False,False,False,False,False
2025-02-20 14:30:00,3774.0,3775.95,3771.5,3775.1,105657,0.0,False,True,False,False,False
2025-02-20 15:00:00,3775.5,3788.0,3774.0,3788.0,334707,0.0,False,False,False,False,False
2025-02-21 09:00:00,3776.1,3803.8,3775.0,3802.4,178733,0.0,False,False,False,False,False
2025-02-21 09:30:00,3802.7,3810.3,3788.6,3797.9,157565,0.0,False,False,False,False,False
2025-02-21 10:00:00,3798.55,3811.8,3794.35,3807.5,180552,0.0,False,False,False,False,False
2025-02-21 10:30:00,3807.5,3817.0,3792.85,3796.1,178579,0.0,False,False,False,False,False
2025-02-21 11:00:00,3796.1,3802.8,3786.75,3790.0,55153,0.0,False,False,False,False,False
2025-02-21 11:30:00,3789.3,3797.3,3779.7,3780.3,100826,0.0,False,False,False,False,False
2025-02-21 12:00:00,3780.3,3787.7,3777.75,3783.35,60139,0.0,False,False,False,False,False
2025-02-21 12:30:00,3783.15,3793.9,3783.15,3789.5,65818,0.0,False,False,False,False,False
2025-02-21 13:00:00,3789.6,3794.9,3783.0,3783.1,92074,0.0,False,False,False,False,False
2025-02-21 13:30:00,3783.0,3789.95,3783.0,3789.95,59998,0.0,False,False,False,False,False
2025-02-21 14:00:00,3790.0,3791.6,3784.9,3786.5,67816,0.0,False,False,False,False,False
2025-02-21 14:30:00,3786.5,3788.5,3776.7,3777.4,75380,0.0,False,False,False,False,False
2025-02-21 15:00:00,3779.0,3792.25,3778.45,3789.9,229455,0.0,False,False,False,False,False
2025-02-24 09:00:00,3743.15,3763.2,3726.15,3727.1,376531,0.0,False,False,False,False,False
2025-02-24 09:30:00,3727.1,3729.0,3711.05,3722.55,194719,0.0,False,True,False,False,False
2025-02-24 10:00:00,3722.9,3723.2,3706.5,3708.0,148526,0.0,False,False,False,False,False
2025-02-24 10:30:00,3709.0,3718.15,3705.5,3711.0,79205,0.0,False,False,False,False,False
2025-02-24 11:00:00,3711.0,3718.0,3706.0,3712.5,58846,0.0,False,False,False,False,False
2025-02-24 11:30:00,3712.5,3719.2,3705.5,3706.15,70596,0.0,False,False,False,False,False
2025-02-24 12:00:00,3707.4,3707.4,3695.3,3700.5,135383,0.0,False,False,False,False,False
2025-02-24 12:30:00,3700.5,3705.0,3698.5,3700.0,163488,0.0,False,False,False,False,False
2025-02-24 13:00:00,3700.0,3702.2,3697.55,3698.65,99430,0.0,False,False,False,False,False
2025-02-24 13:30:00,3698.65,3698.65,3682.25,3684.85,90853,0.0,False,False,False,False,False
2025-02-24 14:00:00,3685.0,3685.3,3679.7,3681.65,156836,0.0,False,False,False,False,False
2025-02-24 14:30:00,3681.65,3686.6,3678.0,3678.3,240037,0.0,False,False,False,False,False
2025-02-24 15:00:00,3678.2,3679.0,3670.0,3671.0,442600,0.0,False,False,False,False,False
2025-02-25 09:00:00,3625.0,3656.7,3624.6,3648.35,460490,0.0,False,False,False,False,False
2025-02-25 09:30:00,3648.3,3658.0,3641.65,3654.05,438454,0.0,False,False,False,False,False
2025-02-25 10:00:00,3654.05,3655.0,3647.4,3653.65,245923,0.0,False,False,False,False,False
2025-02-25 10:30:00,3653.65,3653.65,3638.85,3641.25,171538,0.0,False,False,False,True,False
2025-02-25 11:00:00,3641.35,3644.85,3630.25,3634.35,95679,0.0,False,False,False,False,False
2025-02-25 11:30:00,3634.2,3638.1,3627.0,3632.85,143485,0.0,False,False,False,False,False
2025-02-25 12:00:00,3632.9,3636.5,3625.3,3628.7,112988,0.0,False,False,False,False,False
2025-02-25 12:30:00,3628.7,3635.55,3622.6,3634.15,125652,0.0,False,False,False,False,False
2025-02-25 13:00:00,3634.15,3644.0,3632.45,3635.45,142719,0.0,False,False,False,False,False
2025-02-25 13:30:00,3635.45,3645.35,3635.3,3640.75,112297,0.0,False,False,False,False,False
2025-02-25 14:00:00,3641.0,3644.8,3636.55,3637.75,120893,0.0,False,False,False,False,False
2025-02-25 14:30:00,3637.95,3638.75,3630.3,3635.45,206946,0.0,False,True,False,False,False
2025-02-25 15:00:00,3635.45,3638.75,3621.25,3627.0,615417,0.0,False,False,False,False,False
2025-02-27 09:00:00,3611.7,3638.0,3606.6,3611.25,250472,0.0,True,False,False,False,False
2025-02-27 09:30:00,3610.05,3619.4,3600.7,3618.85,354221,0.0,False,False,False,False,False
2025-02-27 10:00:00,3618.85,3623.05,3603.1,3608.5,350764,0.0,False,False,False,False,False
2025-02-27 10:30:00,3608.5,3610.35,3603.8,3607.3,155751,0.0,False,False,False,False,False
2025-02-27 11:00:00,3607.3,3613.85,3605.85,3611.55,158067,0.0,False,False,False,False,False
2025-02-27 11:30:00,3611.6,3617.0,3610.55,3613.85,174030,0.0,False,False,False,False,False
2025-02-27 12:00:00,3613.85,3614.2,3607.3,3608.1,123422,0.0,False,False,False,False,False
2025-02-27 12:30:00,3608.0,3619.65,3607.5,3617.65,152430,0.0,False,False,False,False,False
2025-02-27 13:00:00,3617.65,3620.05,3608.25,3609.45,153153,0.0,False,False,False,False,False
2025-02-27 13:30:00,3609.5,3616.4,3608.4,3611.7,133990,0.0,False,False,False,False,False
2025-02-27 14:00:00,3611.65,3618.3,3610.0,3618.15,200741,0.0,False,False,False,False,False
2025-02-27 14:30:00,3618.15,3618.95,3611.75,3616.8,258711,0.0,False,True,False,False,False
2025-02-27 15:00:00,3616.8,3618.5,3601.0,3608.05,720475,0.0,False,False,False,True,False
2025-02-28 09:00:00,3584.95,3600.0,3558.0,3564.55,343966,0.0,False,False,False,False,False
2025-02-28 09:30:00,3564.8,3568.8,3506.4,3511.7,643852,0.0,False,False,False,False,False
2025-02-28 10:00:00,3512.15,3514.0,3495.5,3497.5,497603,0.0,False,False,False,False,False
2025-02-28 10:30:00,3497.6,3497.8,3475.0,3480.7,377447,0.0,False,False,False,False,False
2025-02-28 11:00:00,3480.6,3485.45,3457.0,3469.9,390817,0.0,False,False,False,False,False
2025-02-28 11:30:00,3469.95,3497.7,3469.95,3491.65,270746,0.0,False,False,False,False,False
2025-02-28 12:00:00,3491.7,3501.9,3486.0,3489.0,259377,0.0,False,False,False,False,False
2025-02-28 12:30:00,3489.0,3490.0,3477.5,3478.5,381815,0.0,False,False,False,True,False
2025-02-28 13:00:00,3478.3,3490.8,3477.0,3481.0,325193,0.0,False,False,False,False,False
2025-02-28 13:30:00,3480.6,3481.9,3466.0,3467.85,207037,0.0,False,False,False,False,False
2025-02-28 14:00:00,3468.05,3470.85,3461.8,3468.95,232750,0.0,False,False,False,False,False
2025-02-28 14:30:00,3468.95,3478.9,3464.0,3475.4,363030,0.0,False,False,False,False,False
2025-02-28 15:00:00,3475.35,3489.0,3472.4,3478.0,2318231,0.0,False,False,False,False,False
2025-03-03 09:00:00,3485.0,3523.25,3485.0,3501.35,349801,0.0,False,False,False,False,False
2025-03-03 09:30:00,3501.35,3514.6,3482.3,3488.8,496111,0.0,False,False,False,False,False
2025-03-03 10:00:00,3488.8,3492.9,3476.15,3490.55,348618,0.0,False,False,False,False,False
2025-03-03 10:30:00,3488.85,3508.85,3487.4,3496.15,845624,0.0,False,False,False,False,False
2025-03-03 11:00:00,3496.3,3505.0,3494.65,3500.45,150348,0.0,False,False,False,False,False
2025-03-03 11:30:00,3500.45,3512.0,3496.6,3506.2,222456,0.0,False,False,False,False,False
2025-03-03 12:00:00,3506.2,3508.0,3495.55,3498.85,109514,0.0,False,False,False,False,False
2025-03-03 12:30:00,3498.8,3506.9,3495.05,3502.25,255727,0.0,False,False,False,False,False
2025-03-03 13:00:00,3502.05,3509.7,3498.15,3505.7,196988,0.0,False,False,False,False,False
2025-03-03 13:30:00,3506.05,3506.15,3496.35,3498.0,227808,0.0,False,False,False,False,False
2025-03-03 14:00:00,3498.0,3502.0,3490.15,3499.95,186376,0.0,False,False,False,False,False
2025-03-03 14:30:00,3499.95,3502.0,3496.3,3501.35,184973,0.0,False,True,False,False,False
2025-03-03 15:00:00,3501.4,3507.0,3486.05,3506.0,730837,0.0,False,True,False,False,False
2025-03-04 09:00:00,3474.0,3499.1,3464.3,3477.85,421980,0.0,False,False,False,False,False
2025-03-04 09:30:00,3478.6,3515.0,3477.25,3509.05,229437,0.0,False,False,False,False,False
2025-03-04 10:00:00,3508.9,3528.8,3508.45,3526.0,192321,0.0,False,False,False,False,False
2025-03-04 10:30:00,3525.95,3543.0,3522.35,3538.0,258632,0.0,False,False,False,False,False
2025-03-04 11:00:00,3537.95,3542.05,3530.4,3535.4,106197,0.0,False,False,False,False,False
2025-03-04 11:30:00,3535.4,3551.0,3531.35,3536.0,121503,0.0,True,False,False,False,False
2025-03-04 12:00:00,3536.0,3541.0,3525.6,3526.35,58065,0.0,False,False,False,False,False
2025-03-04 12:30:00,3525.6,3532.65,3523.8,3527.35,77946,0.0,False,False,False,False,False
2025-03-04 13:00:00,3528.0,3528.5,3518.75,3520.05,120520,0.0,False,False,False,False,False
2025-03-04 13:30:00,3520.05,3530.0,3515.05,3527.15,203901,0.0,False,False,False,False,False
2025-03-04 14:00:00,3527.15,3532.95,3522.65,3528.9,155948,0.0,False,False,False,False,False
2025-03-04 14:30:00,3528.35,3534.5,3524.8,3530.0,120691,0.0,False,False,False,False,False
2025-03-04 15:00:00,3530.1,3536.9,3526.05,3533.0,416770,0.0,False,False,False,False,False
2025-03-05 09:00:00,3520.85,3574.0,3520.85,3572.2,261228,0.0,False,False,False,False,False
2025-03-05 09:30:00,3572.2,3588.7,3563.0,3569.95,165128,0.0,False,False,False,False,False
2025-03-05 10:00:00,3569.95,3579.0,3558.95,3576.75,102422,0.0,False,False,False,False,False
2025-03-05 10:30:00,3576.2,3585.25,3569.9,3582.0,87103,0.0,False,False,False,False,False
2025-03-05 11:00:00,3581.8,3584.75,3576.0,3582.95,61052,0.0,False,False,False,False,False
2025-03-05 11:30:00,3582.95,3600.35,3577.4,3582.05,158504,0.0,True,False,False,False,False
2025-03-05 12:00:00,3581.4,3583.4,3572.05,3576.5,68665,0.0,False,False,False,False,False
2025-03-05 12:30:00,3576.5,3585.0,3574.55,3579.2,122827,0.0,False,False,False,False,False
2025-03-05 13:00:00,3579.2,3581.95,3558.85,3559.9,178385,0.0,False,False,False,False,False
2025-03-05 13:30:00,3560.05,3564.95,3553.05,3559.25,306223,0.0,False,False,False,False,False
2025-03-05 14:00:00,3559.8,3563.2,3546.4,3547.1,119040,0.0,False,False,False,False,False
2025-03-05 14:30:00,3547.8,3555.0,3545.55,3554.45,191841,0.0,False,False,False,False,False
2025-03-05 15:00:00,3554.45,3557.0,3540.9,3557.0,596475,0.0,False,True,False,False,False
2025-03-06 09:00:00,3557.0,3573.0,3536.1,3540.75,364167,0.0,False,False,False,False,False
2025-03-06 09:30:00,3540.45,3560.0,3538.35,3558.95,253897,0.0,False,False,False,False,False
2025-03-06 10:00:00,3559.0,3569.95,3556.5,3565.0,166703,0.0,False,False,False,False,False
2025-03-06 10:30:00,3564.35,3567.1,3557.75,3563.45,81875,0.0,False,False,False,False,False
2025-03-06 11:00:00,3564.05,3571.9,3545.0,3549.6,142369,0.0,False,False,False,True,False
2025-03-06 11:30:00,3550.0,3563.0,3546.65,3553.45,106706,0.0,False,False,False,False,False
2025-03-06 12:00:00,3554.5,3564.4,3552.1,3562.65,72334,0.0,False,False,False,False,False
2025-03-06 12:30:00,3562.6,3564.45,3548.3,3558.3,149847,0.0,False,True,False,False,False
2025-03-06 13:00:00,3559.0,3561.75,3552.65,3553.0,81468,0.0,False,False,False,False,False
2025-03-06 13:30:00,3552.95,3567.0,3552.25,3564.8,146566,0.0,False,False,False,False,False
2025-03-06 14:00:00,3564.8,3576.7,3563.2,3569.3,269274,0.0,False,False,False,False,False
2025-03-06 14:30:00,3569.25,3609.45,3568.0,3606.25,362717,0.0,False,False,False,False,False
2025-03-06 15:00:00,3606.1,3607.8,3590.85,3596.0,550049,0.0,False,False,False,False,False
2025-03-07 09:00:00,3600.0,3600.0,3574.4,3589.05,144387,0.0,False,False,False,False,False
2025-03-07 09:30:00,3589.85,3601.0,3586.0,3595.35,175617,0.0,False,False,False,False,False
2025-03-07 10:00:00,3595.35,3607.8,3594.0,3597.45,142460,0.0,False,False,False,False,False
2025-03-07 10:30:00,3597.45,3603.5,3592.1,3592.2,81876,0.0,False,False,False,False,False
2025-03-07 11:00:00,3591.9,3602.7,3591.0,3593.55,96612,0.0,False,False,False,False,False
2025-03-07 11:30:00,3593.85,3601.0,3593.3,3600.5,139728,0.0,False,False,False,False,False
2025-03-07 12:00:00,3600.5,3610.0,3593.3,3609.75,144321,0.0,False,False,False,False,False
2025-03-07 12:30:00,3609.75,3625.0,3608.5,3621.75,154754,0.0,False,False,False,False,False
2025-03-07 13:00:00,3621.75,3622.0,3611.7,3614.3,146971,0.0,False,False,False,False,False
2025-03-07 13:30:00,3614.25,3618.0,3603.7,3611.5,149853,0.0,False,False,False,False,False
2025-03-07 14:00:00,3611.5,3618.9,3610.3,3614.8,125813,0.0,False,False,False,False,False
2025-03-07 14:30:00,3614.75,3616.9,3608.0,3613.0,142965,0.0,False,False,False,False,False
2025-03-07 15:00:00,3613.0,3615.4,3601.35,3602.15,388380,0.0,False,False,False,False,False
2025-03-10 09:00:00,3606.5,3618.0,3592.1,3611.6,142984,0.0,False,False,False,False,False
2025-03-10 09:30:00,3611.6,3622.1,3611.1,3615.85,89319,0.0,False,False,False,False,False
2025-03-10 10:00:00,3615.4,3616.45,3595.0,3595.5,114334,0.0,False,False,False,False,False
2025-03-10 10:30:00,3595.85,3614.65,3595.5,3612.0,57650,0.0,False,False,False,False,False
2025-03-10 11:00:00,3612.1,3620.05,3610.6,3616.45,42737,0.0,False,False,False,False,False
2025-03-10 11:30:00,3616.6,3619.0,3603.35,3609.95,38776,0.0,False,False,False,False,False
2025-03-10 12:00:00,3609.95,3610.75,3602.7,3608.35,28322,0.0,False,True,False,False,False
2025-03-10 12:30:00,3608.2,3614.75,3602.9,3610.3,37559,0.0,False,False,False,False,False
2025-03-10 13:00:00,3610.35,3615.0,3606.25,3608.75,43383,0.0,False,False,False,False,False
2025-03-10 13:30:00,3608.8,3609.9,3598.45,3599.3,35028,0.0,False,False,False,False,False
2025-03-10 14:00:00,3599.85,3603.75,3595.0,3595.45,36915,0.0,False,False,False,False,False
2025-03-10 14:30:00,3595.1,3599.0,3584.15,3593.65,95621,0.0,False,False,False,False,False
2025-03-10 15:00:00,3594.35,3599.65,3582.6,3589.0,234354,0.0,False,False,False,False,False
2025-03-11 09:00:00,3558.0,3585.35,3537.65,3582.75,257638,0.0,False,False,False,False,False
2025-03-11 09:30:00,3584.0,3588.75,3561.1,3579.8,194212,0.0,False,False,False,False,False
2025-03-11 10:00:00,3579.8,3586.45,3571.05,3572.2,159030,0.0,False,False,False,False,False
2025-03-11 10:30:00,3572.2,3572.45,3562.0,3563.55,128609,0.0,False,False,False,False,False
2025-03-11 11:00:00,3563.6,3571.0,3562.0,3563.05,150259,0.0,False,False,False,False,False
2025-03-11 11:30:00,3564.3,3569.95,3560.0,3560.5,97115,0.0,False,False,False,False,False
2025-03-11 12:00:00,3561.3,3565.0,3555.0,3559.7,105725,0.0,False,False,False,False,False
2025-03-11 12:30:00,3560.0,3569.0,3559.5,3563.0,98027,0.0,False,False,False,False,False
2025-03-11 13:00:00,3563.65,3566.9,3558.0,3564.05,92943,0.0,True,False,False,False,False
2025-03-11 13:30:00,3564.05,3568.85,3559.1,3559.9,97359,0.0,False,False,False,True,False
2025-03-11 14:00:00,3559.9,3564.8,3556.0,3560.25,95703,0.0,True,False,False,False,False
2025-03-11 14:30:00,3562.4,3577.95,3559.1,3576.45,150871,0.0,False,False,False,False,False
2025-03-11 15:00:00,3576.45,3585.0,3570.45,3585.0,348651,0.0,False,False,False,False,False
2025-03-12 09:00:00,3565.0,3569.25,3511.0,3511.0,186194,0.0,False,False,False,False,False
2025-03-12 09:30:00,3510.9,3511.3,3495.0,3500.75,318393,0.0,False,False,False,False,False
2025-03-12 10:00:00,3500.75,3505.0,3490.3,3498.0,365886,0.0,False,False,False,False,False
2025-03-12 10:30:00,3498.05,3510.0,3486.85,3505.0,442365,0.0,False,False,False,False,False
2025-03-12 11:00:00,3505.0,3514.35,3500.4,3514.35,221856,0.0,False,False,False,False,False
2025-03-12 11:30:00,3514.4,3514.95,3498.0,3500.0,184199,0.0,False,False,False,False,False
2025-03-12 12:00:00,3500.0,3511.7,3498.35,3510.45,136452,0.0,False,False,False,False,False
2025-03-12 12:30:00,3510.45,3514.4,3501.75,3506.9,93681,0.0,False,False,False,False,False
2025-03-12 13:00:00,3506.9,3509.75,3500.8,3504.05,142661,0.0,False,False,False,False,False
2025-03-12 13:30:00,3504.0,3505.0,3498.0,3500.65,139126,0.0,False,False,False,False,False
2025-03-12 14:00:00,3500.65,3507.5,3494.3,3505.6,160013,0.0,False,False,False,False,False
2025-03-12 14:30:00,3504.15,3515.45,3504.15,3511.7,208113,0.0,False,False,False,False,False
2025-03-12 15:00:00,3511.7,3512.5,3498.3,3507.8,561022,0.0,False,True,False,False,False
2025-03-13 09:00:00,3502.3,3524.3,3495.15,3504.0,173940,0.0,False,False,False,False,False
2025-03-13 09:30:00,3504.35,3505.3,3485.0,3498.55,139351,0.0,False,True,False,False,False
2025-03-13 10:00:00,3498.5,3500.45,3491.15,3496.6,108934,0.0,False,False,False,False,False
2025-03-13 10:30:00,3496.6,3500.0,3493.25,3494.75,61174,0.0,False,False,False,False,False
2025-03-13 11:00:00,3494.75,3499.5,3493.65,3497.0,29158,0.0,False,False,False,False,False
2025-03-13 11:30:00,3496.95,3499.3,3484.1,3493.95,92864,0.0,False,True,False,False,False
2025-03-13 12:00:00,3493.95,3499.5,3492.6,3499.0,53365,0.0,False,False,False,False,False
2025-03-13 12:30:00,3498.55,3500.0,3494.55,3499.5,101953,0.0,False,True,False,False,False
2025-03-13 13:00:00,3499.5,3508.75,3498.25,3504.0,174753,0.0,False,False,False,False,False
2025-03-13 13:30:00,3504.0,3506.0,3502.5,3503.0,35305,0.0,False,False,False,False,False
2025-03-13 14:00:00,3503.0,3517.0,3503.0,3512.85,123903,0.0,False,False,False,False,False
2025-03-13 14:30:00,3512.85,3514.95,3506.0,3511.75,145088,0.0,False,False,False,False,False
2025-03-13 15:00:00,3512.0,3516.95,3505.15,3509.05,429243,0.0,False,False,False,False,False
2025-03-17 09:00:00,3489.0,3530.45,3489.0,3521.9,339954,0.0,False,False,False,False,False
2025-03-17 09:30:00,3521.1,3526.8,3487.4,3507.2,256850,0.0,False,False,False,False,False
2025-03-17 10:00:00,3507.1,3511.95,3496.5,3500.0,134970,0.0,False,False,False,False,False
2025-03-17 10:30:00,3500.0,3500.05,3484.0,3499.95,121950,0.0,True,False,False,False,False
2025-03-17 11:00:00,3499.95,3500.75,3478.55,3483.85,224599,0.0,False,False,False,False,False
2025-03-17 11:30:00,3483.85,3491.55,3482.25,3486.35,164928,0.0,False,False,False,False,False
2025-03-17 12:00:00,3485.8,3494.55,3484.2,3487.9,140403,0.0,False,False,False,False,False
2025-03-17 12:30:00,3487.65,3488.0,3478.7,3479.05,131723,0.0,False,False,False,False,False
2025-03-17 13:00:00,3479.0,3489.0,3477.35,3485.25,132097,0.0,False,False,False,False,False
2025-03-17 13:30:00,3485.25,3493.05,3484.55,3490.95,119202,0.0,False,False,False,False,False
2025-03-17 14:00:00,3491.25,3498.3,3490.0,3493.35,135466,0.0,False,False,False,False,False
2025-03-17 14:30:00,3493.35,3502.0,3491.55,3497.35,175034,0.0,False,False,False,False,False
2025-03-17 15:00:00,3497.45,3500.15,3493.3,3499.9,333615,0.0,False,False,False,False,False
2025-03-18 09:00:00,3502.35,3513.0,3478.45,3507.6,544791,0.0,False,False,False,False,False
2025-03-18 09:30:00,3507.6,3536.7,3507.2,3533.45,469777,0.0,False,False,False,False,False
2025-03-18 10:00:00,3532.5,3549.0,3532.05,3549.0,407460,0.0,False,False,False,False,False
2025-03-18 10:30:00,3548.5,3554.0,3526.0,3528.7,139856,0.0,False,False,False,False,False
2025-03-18 11:00:00,3528.7,3538.8,3525.05,3527.85,157715,0.0,False,False,False,False,False
2025-03-18 11:30:00,3527.85,3544.95,3527.0,3543.55,117202,0.0,False,False,False,False,False
2025-03-18 12:00:00,3543.85,3550.0,3540.0,3541.8,115125,0.0,False,False,False,False,False
2025-03-18 12:30:00,3541.7,3545.8,3535.4,3543.6,118759,0.0,False,False,False,False,False
2025-03-18 13:00:00,3543.95,3549.45,3540.3,3542.4,131895,0.0,False,False,False,False,False
2025-03-18 13:30:00,3542.45,3544.0,3539.0,3540.95,76578,0.0,False,False,False,False,False
2025-03-18 14:00:00,3540.6,3545.0,3537.0,3545.0,114897,0.0,False,False,False,False,False
2025-03-18 14:30:00,3545.0,3554.25,3543.35,3550.15,258366,0.0,False,False,False,False,False
2025-03-18 15:00:00,3550.55,3556.95,3543.0,3545.65,335450,0.0,False,False,False,False,False
2025-03-19 09:00:00,3547.0,3547.0,3466.35,3475.25,605731,0.0,False,False,False,False,False
2025-03-19 09:30:00,3475.0,3493.95,3474.65,3482.4,241970,0.0,False,False,False,False,False
2025-03-19 10:00:00,3482.4,3485.6,3472.3,3479.65,231136,0.0,False,False,False,False,False
2025-03-19 10:30:00,3479.8,3480.0,3471.45,3478.0,203547,0.0,False,True,False,False,False
2025-03-19 11:00:00,3478.0,3478.9,3474.0,3476.3,113921,0.0,False,False,False,False,False
2025-03-19 11:30:00,3476.35,3478.05,3473.1,3476.7,113573,0.0,False,False,False,False,False
2025-03-19 12:00:00,3476.7,3477.55,3462.75,3469.2,225464,0.0,False,False,False,False,False
2025-03-19 12:30:00,3469.7,3477.0,3469.2,3475.05,145252,0.0,False,False,False,False,False
2025-03-19 13:00:00,3475.05,3487.0,3471.05,3481.4,196684,0.0,False,False,False,False,False
2025-03-19 13:30:00,3482.05,3487.0,3480.0,3486.0,107778,0.0,False,False,False,False,False
2025-03-19 14:00:00,3486.0,3497.8,3484.9,3497.8,157769,0.0,False,False,False,False,False
2025-03-19 14:30:00,3497.75,3504.4,3496.7,3498.4,209000,0.0,False,False,False,False,False
2025-03-19 15:00:00,3499.0,3506.5,3493.05,3505.0,463879,0.0,False,False,False,False,False
2025-03-20 09:00:00,3512.0,3576.9,3512.0,3572.0,329545,0.0,False,False,True,False,False
2025-03-20 09:30:00,3572.0,3578.95,3552.5,3560.5,317125,0.0,False,False,False,False,False
2025-03-20 10:00:00,3560.5,3563.0,3531.85,3560.15,316035,0.0,True,False,False,False,False
2025-03-20 10:30:00,3560.85,3568.55,3558.55,3565.45,126860,0.0,False,False,False,False,False
2025-03-20 11:00:00,3565.5,3571.0,3563.0,3569.6,112536,0.0,False,False,False,False,False
2025-03-20 11:30:00,3569.6,3571.95,3565.15,3566.1,99172,0.0,False,False,False,False,False
2025-03-20 12:00:00,3566.1,3568.45,3560.55,3562.45,109830,0.0,False,False,False,False,False
2025-03-20 12:30:00,3562.45,3572.8,3561.1,3570.0,115045,0.0,False,False,False,False,False
2025-03-20 13:00:00,3570.0,3571.9,3562.2,3564.2,127019,0.0,False,False,False,False,False
2025-03-20 13:30:00,3564.4,3570.0,3563.0,3564.3,125396,0.0,True,False,False,False,False
2025-03-20 14:00:00,3565.1,3566.85,3557.1,3564.55,178595,0.0,False,False,False,False,False
2025-03-20 14:30:00,3564.55,3568.3,3551.0,3560.45,272480,0.0,False,True,False,False,False
2025-03-20 15:00:00,3560.45,3568.8,3553.55,3556.5,599858,0.0,False,False,False,False,False
2025-03-21 09:00:00,3475.0,3530.5,3465.0,3526.4,885944,0.0,False,False,False,False,False
2025-03-21 09:30:00,3526.85,3592.15,3522.0,3587.0,470694,0.0,False,False,False,False,False
2025-03-21 10:00:00,3586.3,3592.0,3565.3,3584.25,188099,0.0,False,False,False,False,False
2025-03-21 10:30:00,3584.4,3596.75,3580.2,3588.2,185575,0.0,False,False,False,False,False
2025-03-21 11:00:00,3588.2,3605.55,3585.45,3599.4,133230,0.0,False,False,False,False,False
2025-03-21 11:30:00,3599.4,3601.55,3589.35,3593.45,83395,0.0,False,False,False,False,False
2025-03-21 12:00:00,3593.4,3609.2,3585.15,3608.8,116472,0.0,False,False,False,False,False
2025-03-21 12:30:00,3609.0,3616.25,3602.05,3605.15,150949,0.0,False,False,False,False,False
2025-03-21 13:00:00,3605.15,3609.5,3595.4,3597.45,134471,0.0,False,False,False,True,False
2025-03-21 13:30:00,3597.2,3598.0,3572.0,3582.6,175251,0.0,False,False,False,False,False
2025-03-21 14:00:00,3582.55,3601.85,3580.5,3600.0,246123,0.0,False,False,False,False,False
2025-03-21 14:30:00,3600.95,3601.35,3586.15,3587.55,172307,0.0,False,False,False,False,False
2025-03-21 15:00:00,3587.55,3589.35,3575.0,3578.0,1160334,0.0,False,False,False,False,False
2025-03-24 09:00:00,3600.0,3610.55,3578.1,3581.95,194014,0.0,False,False,False,False,False
2025-03-24 09:30:00,3581.55,3596.25,3566.6,3595.0,169276,0.0,False,False,False,False,False
2025-03-24 10:00:00,3594.9,3610.0,3592.65,3605.95,150704,0.0,False,False,False,False,False
2025-03-24 10:30:00,3605.95,3606.75,3595.1,3605.6,97862,0.0,True,False,False,False,False
2025-03-24 11:00:00,3605.6,3609.9,3600.5,3609.9,87521,0.0,False,False,False,False,False
2025-03-24 11:30:00,3610.0,3611.0,3593.5,3602.3,100842,0.0,False,False,False,False,False
2025-03-24 12:00:00,3602.3,3606.5,3600.0,3606.5,79550,0.0,False,False,False,False,False
2025-03-24 12:30:00,3606.5,3620.0,3603.55,3620.0,116225,0.0,False,False,False,False,False
2025-03-24 13:00:00,3619.95,3642.7,3618.0,3637.9,166637,0.0,False,False,False,False,False
2025-03-24 13:30:00,3638.4,3641.6,3630.7,3639.95,99869,0.0,False,False,False,False,False
2025-03-24 14:00:00,3640.1,3649.75,3638.1,3639.9,150198,0.0,True,False,False,False,False
2025-03-24 14:30:00,3639.95,3643.15,3634.55,3636.9,146406,0.0,False,False,False,True,False
2025-03-24 15:00:00,3636.5,3636.5,3623.8,3633.0,256957,0.0,False,True,False,False,False
2025-03-25 09:00:00,3645.0,3694.0,3645.0,3690.55,494720,0.0,False,False,True,False,False
2025-03-25 09:30:00,3690.55,3710.0,3684.05,3705.1,472234,0.0,False,False,False,False,False
2025-03-25 10:00:00,3705.1,3707.5,3673.0,3685.8,254128,0.0,False,False,False,False,False
2025-03-25 10:30:00,3685.1,3686.15,3638.0,3656.75,217617,0.0,False,False,False,False,False
2025-03-25 11:00:00,3656.75,3670.0,3650.0,3659.0,218347,0.0,False,False,False,False,False
2025-03-25 11:30:00,3659.0,3672.0,3654.1,3672.0,84560,0.0,False,False,False,False,False
2025-03-25 12:00:00,3672.0,3679.7,3669.0,3679.0,108709,0.0,False,False,False,False,False
2025-03-25 12:30:00,3679.0,3686.0,3673.3,3674.85,110515,0.0,False,False,False,False,False
2025-03-25 13:00:00,3675.45,3675.75,3660.5,3668.5,100514,0.0,False,False,False,False,False
2025-03-25 13:30:00,3669.1,3681.75,3666.35,3677.75,88975,0.0,False,False,False,False,False
2025-03-25 14:00:00,3677.75,3678.1,3667.05,3669.0,119861,0.0,False,False,False,False,False
2025-03-25 14:30:00,3669.5,3679.2,3664.15,3671.2,227718,0.0,False,False,False,False,False
2025-03-25 15:00:00,3672.0,3672.0,3638.55,3641.0,613885,0.0,False,False,False,False,False
2025-03-26 09:00:00,3647.75,3672.95,3640.05,3656.5,136453,0.0,False,False,False,False,False
2025-03-26 09:30:00,3656.5,3665.0,3646.05,3660.0,129789,0.0,False,False,False,False,False
2025-03-26 10:00:00,3660.7,3668.0,3653.6,3662.45,71781,0.0,False,False,False,False,False
2025-03-26 10:30:00,3662.45,3680.5,3657.1,3673.25,163331,0.0,False,False,False,False,False
2025-03-26 11:00:00,3673.25,3674.05,3658.15,3664.5,91650,0.0,False,False,False,False,False
2025-03-26 11:30:00,3664.5,3668.0,3658.4,3660.0,119929,0.0,False,False,False,False,False
2025-03-26 12:00:00,3660.5,3669.9,3656.7,3668.7,83607,0.0,False,False,False,False,False
2025-03-26 12:30:00,3669.0,3673.95,3667.0,3668.8,50958,0.0,True,False,False,False,False
2025-03-26 13:00:00,3668.8,3669.6,3660.85,3662.0,74725,0.0,False,False,False,True,False
2025-03-26 13:30:00,3663.4,3663.75,3648.0,3654.1,124696,0.0,False,False,False,False,False
2025-03-26 14:00:00,3654.5,3665.7,3654.2,3661.05,147342,0.0,False,False,False,False,False
2025-03-26 14:30:00,3661.05,3662.0,3637.8,3641.8,200517,0.0,False,False,False,False,False
2025-03-26 15:00:00,3642.2,3643.0,3625.85,3630.55,329377,0.0,False,False,False,False,False
2025-03-27 09:00:00,3614.85,3649.8,3610.5,3648.65,170389,0.0,False,False,False,False,False
2025-03-27 09:30:00,3649.8,3651.65,3626.9,3650.0,98307,0.0,True,False,False,False,False
2025-03-27 10:00:00,3650.0,3657.65,3642.35,3648.95,75783,0.0,False,False,False,False,False
2025-03-27 10:30:00,3648.65,3652.85,3631.85,3636.0,41845,0.0,False,False,False,False,False
2025-03-27 11:00:00,3636.0,3646.6,3636.0,3641.85,108126,0.0,False,False,False,False,False
2025-03-27 11:30:00,3641.9,3649.95,3640.0,3645.95,52684,0.0,False,False,False,False,False
2025-03-27 12:00:00,3645.95,3659.15,3641.8,3651.7,173540,0.0,False,False,False,False,False
2025-03-27 12:30:00,3650.75,3658.55,3647.4,3653.45,84815,0.0,False,False,False,False,False
2025-03-27 13:00:00,3651.8,3656.1,3648.5,3655.55,129973,0.0,False,False,False,False,False
2025-03-27 13:30:00,3654.8,3660.0,3653.0,3656.4,120694,0.0,False,False,False,False,False
2025-03-27 14:00:00,3654.95,3658.2,3652.7,3655.25,187969,0.0,False,False,False,False,False
2025-03-27 14:30:00,3655.15,3656.85,3637.7,3646.8,210667,0.0,False,False,False,True,False
2025-03-27 15:00:00,3644.05,3663.0,3639.6,3645.0,1062256,0.0,True,False,False,False,False
2025-03-28 09:00:00,3651.0,3660.95,3616.85,3618.85,117784,0.0,False,False,False,False,False
2025-03-28 09:30:00,3616.4,3624.9,3605.0,3616.0,147834,0.0,True,False,False,False,False
2025-03-28 10:00:00,3615.25,3616.7,3601.15,3608.25,89480,0.0,False,False,False,False,False
2025-03-28 10:30:00,3609.2,3632.0,3609.1,3626.05,178403,0.0,False,False,False,False,False
2025-03-28 11:00:00,3626.05,3631.0,3622.05,3627.1,109533,0.0,False,False,False,False,False
2025-03-28 11:30:00,3628.4,3635.05,3619.75,3619.75,114123,0.0,False,False,False,False,False
2025-03-28 12:00:00,3620.05,3623.7,3616.0,3616.4,59566,0.0,False,False,False,False,False
2025-03-28 12:30:00,3616.4,3616.5,3603.0,3610.15,72434,0.0,False,False,False,False,False
2025-03-28 13:00:00,3610.15,3611.65,3603.05,3603.1,60873,0.0,False,False,False,False,False
2025-03-28 13:30:00,3604.05,3609.85,3596.5,3600.7,114969,0.0,False,False,False,False,False
2025-03-28 14:00:00,3600.7,3615.75,3596.4,3615.75,161859,0.0,False,False,False,False,False
2025-03-28 14:30:00,3615.3,3617.95,3608.0,3613.3,211852,0.0,False,False,False,False,False
2025-03-28 15:00:00,3613.0,3615.35,3591.9,3604.0,602991,0.0,False,False,False,True,False
2025-04-01 09:00:00,3572.7,3584.0,3536.15,3549.75,296020,0.0,False,False,False,False,False
2025-04-01 09:30:00,3549.75,3581.6,3548.2,3552.1,201357,0.0,False,False,False,False,False
2025-04-01 10:00:00,3552.1,3557.35,3525.0,3530.75,186727,0.0,False,False,False,False,False
2025-04-01 10:30:00,3530.75,3544.6,3526.25,3535.05,266186,0.0,False,False,False,False,False
2025-04-01 11:00:00,3534.75,3538.3,3530.1,3537.45,144596,0.0,False,False,False,False,False
2025-04-01 11:30:00,3537.45,3543.7,3531.0,3536.65,103516,0.0,False,False,False,False,False
2025-04-01 12:00:00,3536.65,3549.2,3532.1,3546.45,154969,0.0,False,False,False,False,False
2025-04-01 12:30:00,3546.25,3554.6,3546.25,3547.75,70511,0.0,False,False,False,False,False
2025-04-01 13:00:00,3548.3,3552.0,3536.45,3539.3,82324,0.0,False,False,False,True,False
2025-04-01 13:30:00,3539.25,3547.85,3535.05,3543.35,92827,0.0,False,False,False,False,False
2025-04-01 14:00:00,3543.3,3559.25,3538.9,3550.3,122568,0.0,False,False,False,False,False
2025-04-01 14:30:00,3550.3,3553.45,3546.45,3549.6,315461,0.0,False,False,False,False,False
2025-04-01 15:00:00,3549.45,3555.95,3546.05,3555.95,431432,0.0,False,False,False,False,False
2025-04-02 09:00:00,3544.0,3561.0,3532.5,3549.6,158749,0.0,False,False,False,False,False
2025-04-02 09:30:00,3550.2,3560.0,3530.05,3541.45,91998,0.0,False,False,False,False,False
2025-04-02 10:00:00,3541.0,3542.2,3533.0,3537.45,49219,0.0,False,False,False,False,False
2025-04-02 10:30:00,3537.5,3547.8,3534.35,3545.95,178857,0.0,False,False,False,False,False
2025-04-02 11:00:00,3546.0,3550.0,3536.0,3545.8,143429,0.0,True,False,False,False,False
2025-04-02 11:30:00,3545.8,3555.0,3540.05,3545.85,95975,0.0,True,False,False,False,False
2025-04-02 12:00:00,3545.85,3564.1,3545.0,3558.35,81770,0.0,False,False,False,False,False
2025-04-02 12:30:00,3558.35,3561.5,3545.2,3546.45,130875,0.0,False,False,False,False,False
2025-04-02 13:00:00,3546.6,3556.8,3542.4,3556.05,86562,0.0,False,False,False,False,False
2025-04-02 13:30:00,3556.05,3557.7,3541.05,3546.05,144285,0.0,False,False,False,False,False
2025-04-02 14:00:00,3546.1,3549.9,3542.35,3545.8,90884,0.0,True,False,False,False,False
2025-04-02 14:30:00,3545.8,3554.8,3544.55,3552.6,121174,0.0,False,False,False,False,False
2025-04-02 15:00:00,3552.95,3557.6,3534.3,3542.0,380482,0.0,False,False,False,False,False
2025-04-03 09:00:00,3491.0,3502.0,3450.0,3459.65,419124,0.0,False,False,False,False,False
2025-04-03 09:30:00,3459.6,3462.85,3425.0,3437.65,385609,0.0,False,False,False,False,False
2025-04-03 10:00:00,3437.65,3446.55,3428.0,3444.5,195756,0.0,False,False,False,False,False
2025-04-03 10:30:00,3444.5,3447.7,3434.1,3435.55,185113,0.0,False,False,False,False,False
2025-04-03 11:00:00,3437.0,3438.0,3416.0,3425.0,276340,0.0,False,False,False,False,False
2025-04-03 11:30:00,3425.6,3427.0,3416.0,3419.4,155748,0.0,False,False,False,False,False
2025-04-03 12:00:00,3419.45,3422.6,3411.0,3412.35,198649,0.0,False,False,False,False,False
2025-04-03 12:30:00,3412.35,3412.5,3396.15,3404.35,361985,0.0,False,False,False,False,False
2025-04-03 13:00:00,3404.4,3414.75,3402.0,3413.05,181102,0.0,False,False,False,False,False
2025-04-03 13:30:00,3413.15,3422.0,3413.0,3419.85,211121,0.0,False,False,False,False,False
2025-04-03 14:00:00,3419.6,3427.7,3417.0,3424.0,325474,0.0,False,False,False,False,False
2025-04-03 14:30:00,3424.0,3426.6,3401.55,3403.15,712809,0.0,False,False,False,False,False
2025-04-03 15:00:00,3403.4,3406.85,3400.45,3403.3,899913,0.0,True,False,False,False,False
2025-04-04 09:00:00,3362.6,3399.65,3337.95,3366.7,428298,0.0,False,False,False,False,False
2025-04-04 09:30:00,3366.5,3373.95,3345.05,3346.0,294843,0.0,False,False,False,False,False
2025-04-04 10:00:00,3346.25,3347.0,3323.2,3329.05,300086,0.0,False,False,False,False,False
2025-04-04 10:30:00,3329.05,3330.0,3312.8,3316.65,431266,0.0,False,False,False,False,False
2025-04-04 11:00:00,3316.45,3323.4,3307.75,3313.3,270582,0.0,False,False,False,False,False
2025-04-04 11:30:00,3313.3,3326.2,3313.1,3323.4,237139,0.0,False,False,False,False,False
2025-04-04 12:00:00,3323.35,3325.85,3319.0,3323.75,278884,0.0,False,False,False,False,False
2025-04-04 12:30:00,3323.75,3323.8,3315.3,3320.1,275761,0.0,False,False,False,False,False
2025-04-04 13:00:00,3320.1,3330.55,3317.4,3324.05,455986,0.0,False,False,False,False,False
2025-04-04 13:30:00,3324.05,3324.8,3308.0,3308.4,281466,0.0,False,False,False,False,False
2025-04-04 14:00:00,3308.4,3308.4,3301.35,3302.9,295062,0.0,False,False,False,False,False
2025-04-04 14:30:00,3303.0,3303.0,3295.5,3298.45,401591,0.0,False,False,False,False,False
2025-04-04 15:00:00,3298.55,3304.05,3298.0,3300.0,1345922,0.0,False,False,False,False,False
2025-04-07 09:00:00,3100.0,3143.65,3056.05,3135.65,1109395,0.0,False,False,False,False,False
2025-04-07 09:30:00,3136.0,3149.8,3128.65,3132.0,573084,0.0,False,False,False,False,False
2025-04-07 10:00:00,3131.7,3139.0,3126.0,3135.35,385448,0.0,False,False,False,False,False
2025-04-07 10:30:00,3135.35,3152.9,3134.4,3146.5,649081,0.0,False,False,False,False,False
2025-04-07 11:00:00,3147.0,3166.05,3146.45,3166.0,373096,0.0,False,False,False,False,False
2025-04-07 11:30:00,3166.0,3184.95,3160.45,3165.05,432511,0.0,True,False,False,False,False
2025-04-07 12:00:00,3164.85,3172.0,3158.05,3164.55,574316,0.0,True,False,False,False,False
2025-04-07 12:30:00,3164.25,3174.35,3164.25,3170.15,502885,0.0,False,False,False,False,False
2025-04-07 13:00:00,3170.15,3175.15,3165.65,3171.85,263506,0.0,False,False,False,False,False
2025-04-07 13:30:00,3171.85,3214.3,3170.85,3208.05,255646,0.0,False,False,False,False,False
2025-04-07 14:00:00,3208.3,3246.3,3207.95,3238.15,310493,0.0,False,False,False,False,False
2025-04-07 14:30:00,3237.8,3253.7,3235.0,3252.05,348348,0.0,False,False,False,False,False
2025-04-07 15:00:00,3252.65,3291.4,3248.4,3284.0,759956,0.0,False,False,False,False,False
2025-04-08 09:00:00,3302.05,3338.0,3255.3,3266.15,822131,0.0,False,False,False,False,False
2025-04-08 09:30:00,3265.75,3296.65,3261.4,3291.0,539685,0.0,False,False,False,False,False
2025-04-08 10:00:00,3291.75,3293.0,3273.55,3280.4,482511,0.0,False,False,False,False,False
2025-04-08 10:30:00,3280.4,3294.9,3272.5,3287.55,574689,0.0,False,False,False,False,False
2025-04-08 11:00:00,3287.85,3314.0,3279.6,3283.9,327035,0.0,False,False,False,False,False
2025-04-08 11:30:00,3284.95,3290.4,3276.15,3284.05,288152,0.0,False,False,False,False,False
2025-04-08 12:00:00,3284.25,3327.0,3283.15,3323.55,271800,0.0,False,False,False,False,False
2025-04-08 12:30:00,3323.45,3341.45,3320.15,3339.95,208324,0.0,False,False,False,False,False
2025-04-08 13:00:00,3340.95,3348.0,3330.0,3347.2,222739,0.0,False,False,False,False,False
2025-04-08 13:30:00,3347.2,3349.0,3292.0,3317.55,269349,0.0,False,False,False,False,False
2025-04-08 14:00:00,3317.6,3326.75,3309.95,3312.55,252232,0.0,False,False,False,False,False
2025-04-08 14:30:00,3313.5,3314.0,3292.0,3298.7,321909,0.0,False,False,False,False,False
2025-04-08 15:00:00,3298.7,3300.0,3288.0,3290.0,898417,0.0,False,False,False,False,False
2025-04-09 09:00:00,3260.55,3263.4,3212.05,3244.85,261459,0.0,False,True,False,False,False
2025-04-09 09:30:00,3244.6,3248.95,3233.0,3240.05,310415,0.0,False,False,False,False,False
2025-04-09 10:00:00,3240.05,3252.0,3235.05,3241.1,312525,0.0,False,False,False,False,False
2025-04-09 10:30:00,3241.1,3249.5,3239.55,3241.9,126897,0.0,False,False,False,False,False
2025-04-09 11:00:00,3241.75,3254.2,3240.0,3249.95,164951,0.0,False,False,False,False,False
2025-04-09 11:30:00,3249.85,3253.9,3244.1,3250.3,173227,0.0,True,False,False,False,False
2025-04-09 12:00:00,3250.3,3269.0,3250.0,3250.0,145772,0.0,True,False,False,False,False
2025-04-09 12:30:00,3250.0,3267.15,3247.95,3261.75,246612,0.0,False,False,False,False,False
2025-04-09 13:00:00,3261.55,3270.0,3258.3,3260.95,112527,0.0,False,False,False,False,False
2025-04-09 13:30:00,3260.9,3263.0,3253.5,3255.55,253375,0.0,False,False,False,True,False
2025-04-09 14:00:00,3256.15,3257.7,3248.0,3250.1,137351,0.0,False,False,False,False,False
2025-04-09 14:30:00,3250.1,3253.0,3246.5,3249.3,207111,0.0,False,False,False,False,False
2025-04-09 15:00:00,3249.2,3253.75,3226.8,3239.0,482991,0.0,False,False,False,False,False
2025-04-11 09:00:00,3289.55,3298.95,3210.6,3233.45,1730330,0.0,False,False,False,False,False
2025-04-11 09:30:00,3233.8,3270.35,3230.3,3256.8,1116903,0.0,False,False,False,False,False
2025-04-11 10:00:00,3256.85,3261.0,3235.2,3257.25,521549,0.0,True,False,False,False,False
2025-04-11 10:30:00,3257.25,3262.6,3235.0,3250.0,440333,0.0,False,True,False,False,False
2025-04-11 11:00:00,3250.05,3267.0,3249.05,3260.15,300155,0.0,False,False,False,False,False
2025-04-11 11:30:00,3260.2,3265.0,3254.0,3255.45,254550,0.0,False,False,False,False,False
2025-04-11 12:00:00,3255.5,3266.15,3254.05,3264.95,156141,0.0,False,False,False,False,False
2025-04-11 12:30:00,3264.45,3265.0,3246.9,3250.35,318383,0.0,False,False,False,False,False
2025-04-11 13:00:00,3250.35,3254.55,3240.1,3244.55,316033,0.0,False,False,False,False,False
2025-04-11 13:30:00,3244.15,3244.6,3218.55,3223.55,479296,0.0,False,False,False,False,False
2025-04-11 14:00:00,3223.6,3223.65,3206.0,3213.85,390336,0.0,False,False,False,False,False
2025-04-11 14:30:00,3213.85,3228.55,3213.1,3225.45,259518,0.0,False,False,False,False,False
2025-04-11 15:00:00,3225.0,3240.0,3220.2,3238.0,714574,0.0,False,False,False,False,False
2025-04-15 09:00:00,3314.4,3314.4,3276.4,3283.0,320808,0.0,False,False,True,False,False
2025-04-15 09:30:00,3283.3,3283.9,3265.1,3266.4,250920,0.0,False,False,False,False,False
2025-04-15 10:00:00,3266.6,3270.9,3248.5,3259.5,243863,0.0,False,False,False,False,False
2025-04-15 10:30:00,3259.7,3262.9,3251.0,3255.6,140641,0.0,False,False,False,False,False
2025-04-15 11:00:00,3255.6,3259.8,3248.0,3254.8,119086,0.0,False,False,False,False,False
2025-04-15 11:30:00,3254.8,3255.0,3238.6,3241.5,181368,0.0,False,False,False,False,False
2025-04-15 12:00:00,3241.4,3259.9,3241.4,3259.2,213929,0.0,False,False,False,False,False
2025-04-15 12:30:00,3259.2,3264.2,3255.1,3259.1,188514,0.0,True,False,False,False,False
2025-04-15 13:00:00,3259.1,3260.4,3251.4,3254.9,122632,0.0,False,False,False,False,False
2025-04-15 13:30:00,3254.9,3254.9,3247.0,3247.1,266119,0.0,False,False,False,False,False
2025-04-15 14:00:00,3247.0,3255.8,3242.6,3252.3,251856,0.0,False,False,False,False,False
2025-04-15 14:30:00,3252.3,3252.3,3242.2,3243.7,314916,0.0,False,False,False,False,False
2025-04-15 15:00:00,3244.0,3255.0,3244.0,3255.0,810049,0.0,False,False,False,False,False
2025-04-16 09:00:00,3248.2,3269.0,3229.0,3264.4,188271,0.0,False,False,False,False,False
2025-04-16 09:30:00,3264.0,3271.9,3243.0,3245.8,286112,0.0,False,False,False,False,False
2025-04-16 10:00:00,3245.8,3249.9,3240.1,3242.0,116526,0.0,False,False,False,False,False
2025-04-16 10:30:00,3241.5,3251.9,3237.2,3245.0,120354,0.0,False,False,False,False,False
2025-04-16 11:00:00,3245.0,3253.1,3240.7,3250.7,136718,0.0,False,False,False,False,False
2025-04-16 11:30:00,3250.7,3261.0,3250.7,3255.7,128769,0.0,False,False,False,False,False
2025-04-16 12:00:00,3255.6,3269.6,3255.0,3266.9,158360,0.0,False,False,False,False,False
2025-04-16 12:30:00,3267.0,3270.2,3261.8,3265.5,166174,0.0,False,False,False,False,False
2025-04-16 13:00:00,3265.5,3266.0,3255.7,3261.0,212668,0.0,False,False,False,True,False
2025-04-16 13:30:00,3261.0,3265.0,3256.3,3263.5,186004,0.0,False,False,False,False,False
2025-04-16 14:00:00,3263.6,3278.0,3263.5,3275.5,167108,0.0,False,False,False,False,False
2025-04-16 14:30:00,3275.4,3276.5,3268.0,3269.3,149521,0.0,False,False,False,False,False
2025-04-16 15:00:00,3269.3,3278.1,3269.3,3274.0,346231,0.0,False,False,False,False,False
2025-04-17 09:00:00,3245.5,3253.8,3218.1,3226.1,319429,0.0,False,False,False,False,False
2025-04-17 09:30:00,3226.1,3240.7,3218.0,3235.2,298683,0.0,False,False,False,False,False
2025-04-17 10:00:00,3235.2,3236.0,3225.2,3230.9,165008,0.0,False,False,False,False,False
2025-04-17 10:30:00,3230.8,3242.0,3230.8,3235.1,99643,0.0,False,False,False,False,False
2025-04-17 11:00:00,3235.1,3252.8,3232.9,3251.3,189341,0.0,False,False,False,False,False
2025-04-17 11:30:00,3251.3,3262.3,3249.1,3256.9,217247,0.0,False,False,False,False,False
2025-04-17 12:00:00,3256.9,3269.5,3253.0,3268.5,158196,0.0,False,False,False,False,False
2025-04-17 12:30:00,3268.6,3282.2,3264.1,3268.0,267388,0.0,True,False,False,False,False
2025-04-17 13:00:00,3268.6,3278.6,3268.0,3276.7,158074,0.0,False,False,False,False,False
2025-04-17 13:30:00,3277.1,3297.0,3273.9,3295.0,264204,0.0,False,False,False,False,False
2025-04-17 14:00:00,3295.3,3303.6,3284.0,3291.0,223998,0.0,False,False,False,False,False
2025-04-17 14:30:00,3291.0,3299.0,3289.1,3299.0,167888,0.0,False,False,False,False,False
2025-04-17 15:00:00,3298.7,3303.4,3294.0,3297.4,369375,0.0,False,False,False,False,False
2025-04-21 09:00:00,3290.1,3313.7,3284.1,3299.0,169685,0.0,False,False,False,False,False
2025-04-21 09:30:00,3299.0,3319.9,3288.4,3310.4,195245,0.0,False,False,False,False,False
2025-04-21 10:00:00,3310.9,3317.0,3304.0,3309.0,102656,0.0,False,False,False,False,False
2025-04-21 10:30:00,3309.0,3325.0,3307.5,3318.4,204354,0.0,False,False,False,False,False
2025-04-21 11:00:00,3319.1,3322.9,3311.9,3322.5,234352,0.0,False,True,False,False,False
2025-04-21 11:30:00,3322.5,3329.6,3319.2,3328.4,156407,0.0,False,False,False,False,False
2025-04-21 12:00:00,3328.4,3349.9,3326.3,3342.6,205115,0.0,False,False,False,False,False
2025-04-21 12:30:00,3342.6,3354.0,3341.1,3349.0,258694,0.0,False,False,False,False,False
2025-04-21 13:00:00,3348.9,3352.0,3327.0,3327.9,278316,0.0,False,False,False,False,False
2025-04-21 13:30:00,3327.9,3334.5,3323.2,3333.0,202333,0.0,False,False,False,False,False
2025-04-21 14:00:00,3333.0,3334.3,3326.0,3327.0,112462,0.0,False,False,False,False,False
2025-04-21 14:30:00,3326.0,3331.0,3325.0,3326.3,92670,0.0,False,False,False,False,False
2025-04-21 15:00:00,3326.3,3328.5,3315.0,3319.0,203894,0.0,False,False,False,False,False
2025-04-22 09:00:00,3322.6,3325.0,3295.0,3308.1,144762,0.0,False,False,False,False,False
2025-04-22 09:30:00,3307.4,3327.0,3304.5,3308.1,200788,0.0,True,False,False,False,False
2025-04-22 10:00:00,3308.1,3313.0,3303.0,3303.3,71927,0.0,False,False,False,False,False
2025-04-22 10:30:00,3303.0,3322.0,3302.0,3319.9,124408,0.0,False,False,False,False,False
2025-04-22 11:00:00,3319.9,3333.9,3316.0,3331.8,224120,0.0,False,False,False,False,False
2025-04-22 11:30:00,3331.8,3332.0,3322.2,3330.4,124915,0.0,False,True,False,False,False
2025-04-22 12:00:00,3330.4,3331.5,3319.3,3323.7,155849,0.0,False,False,False,True,False
2025-04-22 12:30:00,3323.7,3329.9,3320.7,3324.1,121570,0.0,True,False,False,False,False
2025-04-22 13:00:00,3324.1,3324.1,3310.6,3316.1,226580,0.0,False,False,False,False,False
2025-04-22 13:30:00,3315.1,3317.0,3305.5,3312.3,357108,0.0,False,True,False,False,False
2025-04-22 14:00:00,3312.7,3314.9,3303.6,3308.8,340950,0.0,False,False,False,False,False
2025-04-22 14:30:00,3308.2,3316.8,3306.1,3314.7,236140,0.0,False,False,False,False,False
2025-04-22 15:00:00,3314.7,3319.8,3309.7,3312.6,370907,0.0,False,False,False,False,False
2025-04-23 09:00:00,3351.1,3397.6,3340.0,3385.9,443420,0.0,False,False,True,False,False
2025-04-23 09:30:00,3384.8,3394.8,3379.8,3392.7,320579,0.0,False,False,False,False,False
2025-04-23 10:00:00,3392.3,3397.4,3377.2,3390.2,267408,0.0,False,False,False,False,False
2025-04-23 10:30:00,3390.2,3394.1,3371.9,3378.0,184745,0.0,False,False,False,True,False
2025-04-23 11:00:00,3378.0,3402.6,3377.6,3402.6,224858,0.0,False,False,False,False,False
2025-04-23 11:30:00,3403.3,3420.0,3397.3,3406.6,299636,0.0,False,False,False,False,False
2025-04-23 12:00:00,3405.0,3418.0,3405.0,3413.9,166896,0.0,False,False,False,False,False
2025-04-23 12:30:00,3413.9,3420.9,3405.0,3412.3,138947,0.0,False,False,False,False,False
2025-04-23 13:00:00,3412.3,3415.0,3406.6,3409.3,114728,0.0,False,False,False,True,False
2025-04-23 13:30:00,3409.3,3410.7,3401.8,3410.1,196523,0.0,False,True,False,False,False
2025-04-23 14:00:00,3409.6,3419.0,3408.2,3415.7,184873,0.0,False,False,False,False,False
2025-04-23 14:30:00,3415.7,3419.7,3413.0,3418.0,272241,0.0,False,False,False,False,False
2025-04-23 15:00:00,3418.0,3420.3,3405.0,3405.0,709542,0.0,False,False,False,False,False
2025-04-24 09:00:00,3401.1,3410.9,3389.1,3398.3,302553,0.0,False,False,False,False,False
2025-04-24 09:30:00,3397.6,3412.5,3395.0,3397.7,217456,0.0,True,False,False,False,False
2025-04-24 10:00:00,3397.8,3397.8,3391.3,3394.5,194772,0.0,False,False,False,False,False
2025-04-24 10:30:00,3394.5,3403.9,3393.0,3402.2,132306,0.0,False,False,False,False,False
2025-04-24 11:00:00,3402.0,3410.0,3398.0,3400.3,113515,0.0,False,False,False,False,False
2025-04-24 11:30:00,3400.3,3404.8,3395.0,3398.1,88910,0.0,False,False,False,True,False
2025-04-24 12:00:00,3399.1,3401.2,3387.7,3388.8,93162,0.0,False,False,False,False,False
2025-04-24 12:30:00,3388.8,3401.7,3388.1,3398.5,254124,0.0,False,False,False,False,False
2025-04-24 13:00:00,3399.5,3402.9,3397.0,3400.6,74440,0.0,False,False,False,False,False
2025-04-24 13:30:00,3400.5,3401.0,3393.3,3394.2,106315,0.0,False,False,False,False,False
2025-04-24 14:00:00,3394.7,3398.0,3390.3,3394.2,138233,0.0,False,False,False,False,False
2025-04-24 14:30:00,3394.0,3395.7,3391.5,3393.1,94178,0.0,False,False,False,False,False
2025-04-24 15:00:00,3393.7,3409.2,3390.1,3406.0,422411,0.0,False,False,False,False,False
2025-04-25 09:00:00,3420.0,3477.8,3406.3,3455.9,361802,0.0,False,False,False,False,False
2025-04-25 09:30:00,3455.9,3463.1,3424.6,3435.9,320815,0.0,False,False,False,False,False
2025-04-25 10:00:00,3433.4,3437.6,3407.8,3408.1,225943,0.0,False,False,False,False,False
2025-04-25 10:30:00,3408.5,3428.0,3407.3,3415.6,117154,0.0,False,False,False,False,False
2025-04-25 11:00:00,3416.1,3423.8,3405.0,3411.6,73404,0.0,False,False,False,False,False
2025-04-25 11:30:00,3411.6,3429.8,3410.0,3416.8,83329,0.0,False,False,False,False,False
2025-04-25 12:00:00,3417.9,3428.0,3415.6,3422.9,74067,0.0,False,False,False,False,False
2025-04-25 12:30:00,3422.9,3435.0,3418.3,3431.0,94140,0.0,False,False,False,False,False
2025-04-25 13:00:00,3431.0,3446.9,3430.9,3446.7,245448,0.0,False,False,False,False,False
2025-04-25 13:30:00,3446.7,3455.0,3445.8,3453.1,122062,0.0,False,False,False,False,False
2025-04-25 14:00:00,3453.1,3458.3,3444.5,3454.5,199257,0.0,False,False,False,False,False
2025-04-25 14:30:00,3454.5,3456.5,3444.3,3451.0,199235,0.0,False,False,False,False,False
2025-04-25 15:00:00,3450.8,3455.8,3418.1,3434.0,606354,0.0,False,False,False,False,False
2025-04-28 09:00:00,3435.0,3455.7,3412.0,3413.0,163470,0.0,False,False,False,False,False
2025-04-28 09:30:00,3413.0,3435.0,3405.0,3432.7,113107,0.0,False,False,False,False,False
2025-04-28 10:00:00,3432.0,3439.0,3421.7,3429.1,65971,0.0,False,False,False,False,False
2025-04-28 10:30:00,3430.2,3436.2,3420.1,3432.2,59362,0.0,False,False,False,False,False
2025-04-28 11:00:00,3432.2,3442.5,3425.3,3442.5,178236,0.0,False,False,False,False,False
2025-04-28 11:30:00,3442.6,3448.0,3434.0,3436.7,69410,0.0,False,False,False,False,False
2025-04-28 12:00:00,3436.6,3448.8,3436.5,3442.4,108114,0.0,False,False,False,False,False
2025-04-28 12:30:00,3443.0,3446.2,3436.4,3443.7,84431,0.0,False,False,False,False,False
2025-04-28 13:00:00,3443.7,3443.7,3434.3,3440.4,134024,0.0,False,False,False,False,False
2025-04-28 13:30:00,3440.5,3457.8,3438.0,3450.4,138902,0.0,False,False,False,False,False
2025-04-28 14:00:00,3450.4,3451.3,3437.1,3438.6,108674,0.0,False,False,False,False,False
2025-04-28 14:30:00,3439.3,3446.2,3438.1,3444.9,107136,0.0,False,False,False,False,False
2025-04-28 15:00:00,3445.0,3448.2,3440.0,3441.0,240070,0.0,False,False,False,False,False
2025-04-29 09:00:00,3455.0,3463.0,3443.1,3446.1,76792,0.0,False,False,False,False,False
2025-04-29 09:30:00,3446.1,3453.0,3430.4,3444.1,92680,0.0,False,False,False,False,False
2025-04-29 10:00:00,3444.1,3450.0,3433.1,3434.4,48772,0.0,False,False,False,False,False
2025-04-29 10:30:00,3435.0,3446.3,3433.1,3446.3,36983,0.0,False,False,False,False,False
2025-04-29 11:00:00,3446.0,3461.0,3444.0,3456.0,72658,0.0,False,False,False,False,False
2025-04-29 11:30:00,3456.0,3458.8,3447.4,3456.0,104475,0.0,True,False,False,False,False
2025-04-29 12:00:00,3456.1,3458.7,3450.3,3458.7,64126,0.0,False,True,False,False,False
2025-04-29 12:30:00,3458.7,3487.0,3458.7,3483.9,167163,0.0,False,False,False,False,False
2025-04-29 13:00:00,3483.8,3494.0,3479.0,3491.0,154139,0.0,False,False,False,False,False
2025-04-29 13:30:00,3491.0,3495.0,3484.1,3486.0,118157,0.0,False,False,False,False,False
2025-04-29 14:00:00,3486.0,3493.0,3483.3,3483.6,106344,0.0,False,False,False,False,False
2025-04-29 14:30:00,3483.7,3485.8,3472.2,3479.8,167192,0.0,False,False,False,False,False
2025-04-29 15:00:00,3481.5,3482.8,3460.0,3463.1,361912,0.0,False,False,False,False,False
2025-04-30 09:00:00,3472.0,3509.9,3460.0,3488.1,198371,0.0,False,False,False,False,False
2025-04-30 09:30:00,3488.9,3496.6,3478.4,3484.4,87421,0.0,False,False,False,False,False
2025-04-30 10:00:00,3484.9,3497.9,3483.0,3486.5,53926,0.0,False,False,False,False,False
2025-04-30 10:30:00,3486.0,3493.1,3475.4,3478.3,140505,0.0,False,False,False,False,False
2025-04-30 11:00:00,3478.4,3483.2,3471.7,3474.1,45032,0.0,False,False,False,False,False
2025-04-30 11:30:00,3474.1,3480.0,3463.0,3477.7,61672,0.0,False,True,False,False,False
2025-04-30 12:00:00,3477.7,3477.7,3460.8,3461.7,30086,0.0,False,False,False,False,False
2025-04-30 12:30:00,3461.1,3465.4,3455.0,3455.8,57552,0.0,False,False,False,False,False
2025-04-30 13:00:00,3455.8,3469.9,3452.1,3468.7,78023,0.0,False,False,False,False,False
2025-04-30 13:30:00,3469.0,3475.0,3467.6,3470.3,100062,0.0,False,False,False,False,False
2025-04-30 14:00:00,3469.7,3475.0,3469.4,3470.6,140802,0.0,False,False,False,False,False
2025-04-30 14:30:00,3470.6,3476.7,3461.1,3475.7,287719,0.0,False,False,False,False,False
2025-04-30 15:00:00,3475.0,3483.6,3366.0,3432.0,1514287,0.0,False,False,False,False,False
2025-05-02 09:00:00,3472.0,3473.0,3432.8,3461.7,294990,0.0,False,True,False,False,False
2025-05-02 09:30:00,3461.7,3486.0,3461.7,3481.8,190594,0.0,False,False,False,False,False
2025-05-02 10:00:00,3481.8,3491.5,3466.8,3466.8,143744,0.0,False,False,False,False,False
2025-05-02 10:30:00,3466.8,3468.0,3455.2,3457.0,143158,0.0,False,False,False,False,False
2025-05-02 11:00:00,3457.2,3465.7,3455.3,3462.3,117533,0.0,False,False,False,False,False
2025-05-02 11:30:00,3461.8,3461.9,3443.0,3445.5,128944,0.0,False,False,False,False,False
2025-05-02 12:00:00,3445.5,3445.8,3420.0,3422.5,115648,0.0,False,False,False,False,False
2025-05-02 12:30:00,3422.5,3435.8,3421.6,3429.5,167083,0.0,False,False,False,False,False
2025-05-02 13:00:00,3429.7,3446.7,3425.3,3445.1,114185,0.0,False,False,False,False,False
2025-05-02 13:30:00,3445.6,3449.3,3438.0,3439.1,114823,0.0,False,False,False,False,False
2025-05-02 14:00:00,3439.2,3443.9,3428.5,3430.1,127808,0.0,False,False,False,False,False
2025-05-02 14:30:00,3429.0,3444.8,3425.2,3441.3,133322,0.0,False,False,False,False,False
2025-05-02 15:00:00,3441.0,3452.3,3436.0,3438.0,298970,0.0,False,False,False,False,False
2025-05-05 09:00:00,3450.0,3489.6,3446.4,3485.6,98925,0.0,False,False,False,False,False
2025-05-05 09:30:00,3486.1,3504.5,3479.9,3497.6,127409,0.0,False,False,False,False,False
2025-05-05 10:00:00,3497.6,3498.4,3473.4,3473.5,106267,0.0,False,False,False,False,False
2025-05-05 10:30:00,3475.0,3482.4,3473.0,3477.9,64399,0.0,False,False,False,False,False
2025-05-05 11:00:00,3477.9,3481.6,3466.0,3467.8,129170,0.0,False,False,False,False,False
2025-05-05 11:30:00,3467.6,3470.1,3455.0,3458.1,129070,0.0,False,False,False,False,False
2025-05-05 12:00:00,3458.1,3460.0,3449.4,3459.9,82269,0.0,False,True,False,False,False
2025-05-05 12:30:00,3459.8,3460.3,3456.9,3458.0,88655,0.0,False,False,False,False,False
2025-05-05 13:00:00,3459.1,3460.0,3455.5,3457.8,100845,0.0,False,False,False,False,False
2025-05-05 13:30:00,3457.7,3460.0,3453.7,3455.8,50058,0.0,False,False,False,False,False
2025-05-05 14:00:00,3455.8,3458.9,3451.5,3455.2,44069,0.0,False,False,False,False,False
2025-05-05 14:30:00,3455.2,3457.1,3452.1,3456.3,79942,0.0,False,True,False,False,False
2025-05-05 15:00:00,3456.3,3457.1,3451.3,3454.6,174811,0.0,False,False,False,False,False
2025-05-06 09:00:00,3460.0,3468.0,3437.0,3439.5,78503,0.0,False,False,False,False,False
2025-05-06 09:30:00,3440.8,3453.7,3439.0,3441.3,46960,0.0,True,False,False,False,False
2025-05-06 10:00:00,3441.3,3456.9,3441.1,3447.8,70430,0.0,False,False,False,False,False
2025-05-06 10:30:00,3447.9,3454.7,3445.1,3452.3,72260,0.0,False,False,False,False,False
2025-05-06 11:00:00,3452.4,3456.9,3448.7,3456.8,41099,0.0,False,False,False,False,False
2025-05-06 11:30:00,3456.9,3463.8,3451.2,3457.4,74602,0.0,True,False,False,False,False
2025-05-06 12:00:00,3457.4,3462.6,3445.0,3447.0,59114,0.0,False,False,False,True,False
2025-05-06 12:30:00,3446.2,3462.8,3445.6,3461.5,75835,0.0,False,False,False,False,False
2025-05-06 13:00:00,3461.7,3472.0,3456.0,3469.6,157693,0.0,False,False,False,False,False
2025-05-06 13:30:00,3469.6,3473.0,3461.5,3466.9,84259,0.0,False,False,False,False,False
2025-05-06 14:00:00,3466.9,3469.5,3459.1,3460.4,92954,0.0,False,False,False,False,False
2025-05-06 14:30:00,3460.6,3464.5,3455.3,3460.3,133382,0.0,True,False,False,False,False
2025-05-06 15:00:00,3460.2,3464.6,3450.0,3451.6,333401,0.0,False,False,False,False,False
2025-05-07 09:00:00,3420.6,3444.1,3420.6,3440.4,140478,0.0,False,False,False,False,False
2025-05-07 09:30:00,3440.3,3449.0,3430.2,3432.5,105404,0.0,False,False,False,False,False
2025-05-07 10:00:00,3432.2,3443.3,3426.1,3435.6,85735,0.0,False,False,False,False,False
2025-05-07 10:30:00,3435.6,3438.7,3428.1,3430.0,87288,0.0,False,False,False,False,False
2025-05-07 11:00:00,3430.0,3446.7,3430.0,3446.2,76118,0.0,False,False,False,False,False
2025-05-07 11:30:00,3446.1,3452.9,3437.1,3438.0,77109,0.0,False,False,False,False,False
2025-05-07 12:00:00,3439.5,3444.0,3435.8,3443.0,66442,0.0,False,False,False,False,False
2025-05-07 12:30:00,3443.0,3449.9,3440.5,3444.0,86056,0.0,False,False,False,False,False
2025-05-07 13:00:00,3444.0,3444.3,3437.1,3440.0,64834,0.0,False,False,False,True,False
2025-05-07 13:30:00,3440.0,3450.0,3438.5,3450.0,72223,0.0,False,False,False,False,False
2025-05-07 14:00:00,3450.0,3459.5,3445.5,3447.6,112168,0.0,False,False,False,False,False
2025-05-07 14:30:00,3448.2,3453.6,3445.0,3445.0,145867,0.0,False,False,False,True,False
2025-05-07 15:00:00,3445.8,3450.0,3440.4,3448.0,338146,0.0,False,True,False,False,False
2025-05-08 09:00:00,3448.0,3470.0,3432.8,3460.3,247237,0.0,False,False,False,False,False
2025-05-08 09:30:00,3460.0,3477.0,3456.4,3469.2,171757,0.0,False,False,False,False,False
2025-05-08 10:00:00,3469.2,3470.0,3449.1,3449.7,112825,0.0,False,False,False,False,False
2025-05-08 10:30:00,3449.7,3454.5,3442.3,3453.0,105698,0.0,False,True,False,False,False
2025-05-08 11:00:00,3453.0,3454.3,3442.0,3447.5,98992,0.0,False,False,False,False,False
2025-05-08 11:30:00,3447.5,3453.9,3442.3,3442.3,102967,0.0,False,False,False,False,False
2025-05-08 12:00:00,3442.2,3453.0,3441.0,3451.5,110562,0.0,False,False,False,False,False
2025-05-08 12:30:00,3451.4,3453.7,3434.4,3444.2,229283,0.0,False,False,False,False,False
2025-05-08 13:00:00,3444.4,3452.0,3439.5,3451.7,144569,0.0,False,False,False,False,False
2025-05-08 13:30:00,3451.6,3457.3,3446.3,3453.3,144355,0.0,False,False,False,False,False
2025-05-08 14:00:00,3453.3,3460.0,3448.7,3459.6,144181,0.0,False,False,False,False,False
2025-05-08 14:30:00,3459.3,3459.7,3448.2,3448.4,248969,0.0,False,False,False,False,False
2025-05-08 15:00:00,3449.0,3458.4,3428.7,3430.0,668067,0.0,False,False,False,False,False
2025-05-09 09:00:00,3399.0,3429.9,3399.0,3411.8,168993,0.0,False,False,False,False,False
2025-05-09 09:30:00,3412.5,3423.5,3405.3,3405.4,142924,0.0,False,False,False,False,False
2025-05-09 10:00:00,3405.9,3427.1,3398.1,3415.6,142011,0.0,False,False,False,False,False
2025-05-09 10:30:00,3415.9,3422.0,3411.0,3420.2,168581,0.0,False,False,False,False,False
2025-05-09 11:00:00,3420.3,3427.6,3418.1,3427.5,83940,0.0,False,False,False,False,False
2025-05-09 11:30:00,3427.8,3434.0,3421.1,3424.1,151821,0.0,False,False,False,False,False
2025-05-09 12:00:00,3424.1,3424.1,3416.0,3421.6,124448,0.0,False,True,False,False,False
2025-05-09 12:30:00,3421.5,3432.9,3420.5,3432.3,132945,0.0,False,False,False,False,False
2025-05-09 13:00:00,3432.2,3433.5,3420.0,3420.9,198219,0.0,False,False,False,False,False
2025-05-09 13:30:00,3420.9,3433.0,3420.8,3429.1,153576,0.0,False,False,False,False,False
2025-05-09 14:00:00,3429.1,3436.9,3428.0,3428.6,170680,0.0,False,False,False,False,False
2025-05-09 14:30:00,3430.0,3443.3,3430.0,3440.6,170047,0.0,False,False,False,False,False
2025-05-09 15:00:00,3440.5,3446.2,3434.0,3439.9,696652,0.0,True,False,False,False,False
2025-05-12 09:00:00,3505.0,3528.3,3502.2,3510.6,127505,0.0,False,False,True,False,False
2025-05-12 09:30:00,3511.8,3551.0,3504.9,3549.5,263329,0.0,False,False,False,False,False
2025-05-12 10:00:00,3549.9,3553.0,3533.3,3536.5,107109,0.0,False,False,False,False,False
2025-05-12 10:30:00,3536.5,3540.0,3522.8,3527.3,82152,0.0,False,False,False,False,False
2025-05-12 11:00:00,3527.3,3536.4,3524.4,3535.0,58250,0.0,False,False,False,False,False
2025-05-12 11:30:00,3535.2,3547.0,3533.2,3545.2,63438,0.0,False,False,False,False,False
2025-05-12 12:00:00,3545.2,3551.0,3541.9,3546.5,83389,0.0,False,False,False,False,False
2025-05-12 12:30:00,3548.0,3602.4,3547.6,3599.0,269791,0.0,False,False,False,False,False
2025-05-12 13:00:00,3599.0,3608.0,3593.0,3598.2,180781,0.0,False,False,False,False,False
2025-05-12 13:30:00,3598.6,3605.2,3597.2,3600.1,111180,0.0,False,False,False,False,False
2025-05-12 14:00:00,3600.3,3612.9,3598.6,3605.0,169751,0.0,False,False,False,False,False
2025-05-12 14:30:00,3605.4,3618.0,3598.8,3616.9,234459,0.0,False,False,False,False,False
2025-05-12 15:00:00,3617.0,3630.5,3615.0,3629.2,457519,0.0,False,False,False,False,False
2025-05-13 09:00:00,3620.4,3623.0,3575.0,3582.1,225902,0.0,False,False,False,False,False
2025-05-13 09:30:00,3582.9,3584.3,3560.1,3571.3,204742,0.0,False,False,False,False,False
2025-05-13 10:00:00,3571.3,3588.8,3556.0,3556.0,130160,0.0,False,False,False,False,False
2025-05-13 10:30:00,3555.6,3577.0,3555.0,3576.4,133230,0.0,False,False,False,False,False
2025-05-13 11:00:00,3576.8,3587.9,3566.0,3575.5,140059,0.0,False,False,False,False,False
2025-05-13 11:30:00,3575.5,3576.3,3557.2,3560.3,147833,0.0,False,False,False,True,False
2025-05-13 12:00:00,3560.0,3565.0,3550.9,3554.3,151016,0.0,False,False,False,False,False
2025-05-13 12:30:00,3554.3,3556.9,3532.1,3532.3,234396,0.0,False,False,False,False,False
2025-05-13 13:00:00,3532.1,3537.4,3521.5,3522.9,210825,0.0,False,False,False,False,False
2025-05-13 13:30:00,3522.0,3528.5,3512.2,3521.6,344993,0.0,True,False,False,False,False
2025-05-13 14:00:00,3523.6,3525.4,3510.5,3513.3,280165,0.0,False,False,False,False,False
2025-05-13 14:30:00,3513.0,3520.5,3510.9,3518.6,313700,0.0,False,False,False,False,False
2025-05-13 15:00:00,3518.3,3520.0,3511.0,3518.0,519500,0.0,True,False,False,False,False
2025-05-14 09:00:00,3521.0,3536.6,3508.6,3530.3,219371,0.0,False,False,False,False,False
2025-05-14 09:30:00,3530.2,3545.0,3521.5,3539.0,156297,0.0,False,False,False,False,False
2025-05-14 10:00:00,3539.0,3550.0,3536.1,3537.9,129516,0.0,False,False,False,False,False
2025-05-14 10:30:00,3539.3,3550.1,3536.3,3547.5,90060,0.0,False,False,False,False,False
2025-05-14 11:00:00,3546.5,3549.0,3540.2,3546.3,77276,0.0,True,False,False,False,False
2025-05-14 11:30:00,3546.3,3548.5,3533.0,3541.9,130539,0.0,False,True,False,True,False
2025-05-14 12:00:00,3541.7,3545.4,3540.0,3542.0,62016,0.0,False,False,False,False,False
2025-05-14 12:30:00,3542.8,3548.0,3532.4,3537.2,199762,0.0,False,False,False,False,False
2025-05-14 13:00:00,3537.2,3561.0,3536.3,3554.9,147071,0.0,False,False,False,False,False
2025-05-14 13:30:00,3554.9,3555.2,3542.4,3545.9,124566,0.0,False,False,False,False,False
2025-05-14 14:00:00,3546.0,3557.7,3543.0,3545.0,220335,0.0,False,False,False,False,False
2025-05-14 14:30:00,3545.0,3558.2,3541.1,3548.5,179476,0.0,False,False,False,False,False
2025-05-14 15:00:00,3548.5,3552.2,3544.0,3547.0,357265,0.0,False,False,False,False,False
2025-05-15 09:00:00,3564.0,3564.1,3532.1,3538.7,117817,0.0,False,False,False,False,False
2025-05-15 09:30:00,3540.0,3543.4,3530.3,3530.3,354759,0.0,False,False,False,False,False
2025-05-15 10:00:00,3530.2,3535.6,3514.1,3518.9,162759,0.0,False,False,False,False,False
2025-05-15 10:30:00,3518.8,3556.2,3518.8,3553.0,167062,0.0,False,False,False,False,False
2025-05-15 11:00:00,3553.0,3554.6,3522.4,3533.4,128185,0.0,False,False,False,False,False
2025-05-15 11:30:00,3533.4,3534.9,3526.0,3530.0,106962,0.0,False,False,False,False,False
2025-05-15 12:00:00,3530.0,3547.2,3529.5,3532.3,87703,0.0,False,False,False,False,False
2025-05-15 12:30:00,3532.4,3544.6,3530.9,3541.4,63150,0.0,False,False,False,False,False
2025-05-15 13:00:00,3541.3,3579.0,3541.2,3572.0,370295,0.0,False,False,False,False,False
2025-05-15 13:30:00,3573.4,3594.0,3573.3,3592.9,445138,0.0,False,False,False,False,False
2025-05-15 14:00:00,3592.9,3600.0,3579.9,3586.3,550003,0.0,False,False,False,False,False
2025-05-15 14:30:00,3586.3,3589.0,3573.3,3573.8,487987,0.0,False,False,False,False,False
2025-05-15 15:00:00,3573.6,3586.0,3573.2,3577.8,481494,0.0,False,False,False,False,False
2025-05-16 09:00:00,3588.1,3588.1,3562.4,3574.0,140688,0.0,False,False,False,False,False
2025-05-16 09:30:00,3574.0,3582.0,3554.0,3559.3,131545,0.0,False,False,False,False,False
2025-05-16 10:00:00,3560.0,3565.9,3555.0,3559.1,59272,0.0,False,False,False,False,False
2025-05-16 10:30:00,3559.1,3564.4,3554.0,3554.0,84233,0.0,False,False,False,False,False
2025-05-16 11:00:00,3554.0,3559.9,3546.5,3548.2,166337,0.0,False,False,False,False,False
2025-05-16 11:30:00,3548.4,3558.4,3547.1,3552.0,110804,0.0,False,False,False,False,False
2025-05-16 12:00:00,3552.1,3556.2,3549.2,3556.2,120973,0.0,False,False,False,False,False
2025-05-16 12:30:00,3556.5,3563.3,3555.0,3558.6,90988,0.0,False,False,False,False,False
2025-05-16 13:00:00,3560.1,3564.5,3556.0,3560.5,143612,0.0,True,False,False,False,False
2025-05-16 13:30:00,3560.1,3560.6,3555.3,3557.1,70983,0.0,False,False,False,True,False
2025-05-16 14:00:00,3557.6,3561.0,3554.1,3558.1,77979,0.0,False,False,False,False,False
2025-05-16 14:30:00,3558.4,3560.7,3555.2,3558.0,105954,0.0,False,False,False,False,False
2025-05-16 15:00:00,3558.0,3567.4,3556.9,3562.0,356507,0.0,False,False,False,False,False
2025-05-20 09:00:00,3531.8,3558.0,3524.6,3550.1,196104,0.0,False,False,False,False,False
2025-05-20 09:30:00,3549.7,3549.7,3526.7,3534.7,133922,0.0,False,False,False,False,False
2025-05-20 10:00:00,3534.7,3541.0,3529.0,3532.2,70143,0.0,False,False,False,False,False
2025-05-20 10:30:00,3532.3,3543.9,3529.7,3533.0,69123,0.0,True,False,False,False,False
2025-05-20 11:00:00,3533.0,3535.3,3522.8,3527.0,82027,0.0,False,False,False,False,False
2025-05-20 11:30:00,3527.0,3530.0,3519.5,3523.0,71722,0.0,False,False,False,False,False
2025-05-20 12:00:00,3523.0,3527.5,3520.1,3525.5,67996,0.0,False,False,False,False,False
2025-05-20 12:30:00,3525.5,3531.6,3507.2,3512.6,204555,0.0,False,False,False,False,False
2025-05-20 13:00:00,3512.5,3518.1,3510.0,3510.8,115511,0.0,False,False,False,False,False
2025-05-20 13:30:00,3510.8,3513.0,3506.8,3511.4,114746,0.0,False,False,False,False,False
2025-05-20 14:00:00,3511.2,3512.0,3503.0,3506.5,170437,0.0,False,False,False,False,False
2025-05-20 14:30:00,3506.6,3510.0,3496.6,3502.6,192019,0.0,False,False,False,False,False
2025-05-20 15:00:00,3501.9,3503.8,3494.0,3503.0,534249,0.0,False,True,False,False,False
2025-05-21 09:00:00,3508.0,3524.0,3498.3,3510.4,125657,0.0,False,False,False,False,False
2025-05-21 09:30:00,3510.4,3519.4,3507.3,3511.1,68264,0.0,False,False,False,False,False
2025-05-21 10:00:00,3511.6,3529.6,3508.5,3524.1,72078,0.0,False,False,False,False,False
2025-05-21 10:30:00,3524.3,3535.0,3521.4,3534.9,78894,0.0,False,False,False,False,False
2025-05-21 11:00:00,3534.9,3537.0,3523.2,3525.9,101133,0.0,False,False,False,False,False
2025-05-21 11:30:00,3526.0,3533.9,3518.6,3532.3,95510,0.0,False,False,False,False,False
2025-05-21 12:00:00,3532.3,3533.0,3510.8,3518.0,115474,0.0,False,False,False,False,False
2025-05-21 12:30:00,3519.0,3528.0,3517.7,3524.3,113262,0.0,False,False,False,False,False
2025-05-21 13:00:00,3524.3,3533.1,3523.5,3525.2,103007,0.0,False,False,False,False,False
2025-05-21 13:30:00,3524.5,3531.0,3521.7,3525.4,94378,0.0,False,False,False,False,False
2025-05-21 14:00:00,3525.4,3531.8,3521.0,3527.8,86827,0.0,False,False,False,False,False
2025-05-21 14:30:00,3527.8,3530.4,3521.0,3525.6,72488,0.0,False,False,False,False,False
2025-05-21 15:00:00,3527.0,3530.3,3519.3,3521.1,309849,0.0,False,False,False,False,False
2025-05-22 09:00:00,3495.0,3497.8,3472.0,3479.7,134487,0.0,False,False,False,False,False
2025-05-22 09:30:00,3479.7,3488.5,3470.0,3486.7,159826,0.0,False,False,False,False,False
2025-05-22 10:00:00,3488.0,3489.0,3480.1,3482.8,110627,0.0,False,False,False,False,False
2025-05-22 10:30:00,3482.8,3493.5,3480.1,3485.6,80988,0.0,False,False,False,False,False
2025-05-22 11:00:00,3485.4,3487.5,3480.1,3487.5,41075,0.0,False,True,False,False,False
2025-05-22 11:30:00,3487.0,3487.5,3476.0,3478.2,74468,0.0,False,False,False,False,False
2025-05-22 12:00:00,3477.2,3479.9,3470.0,3470.0,95781,0.0,False,False,False,False,False
2025-05-22 12:30:00,3470.0,3474.0,3460.2,3463.6,133396,0.0,False,False,False,False,False
2025-05-22 13:00:00,3462.3,3469.9,3460.0,3468.4,89721,0.0,False,False,False,False,False
2025-05-22 13:30:00,3468.6,3469.5,3461.7,3462.1,84582,0.0,False,False,False,False,False
2025-05-22 14:00:00,3462.1,3469.9,3454.0,3458.9,210921,0.0,False,False,False,False,False
2025-05-22 14:30:00,3459.3,3478.6,3451.3,3475.6,303634,0.0,False,False,False,False,False
2025-05-22 15:00:00,3475.6,3483.4,3471.6,3483.4,471021,0.0,False,False,False,False,False
2025-05-23 09:00:00,3477.0,3499.5,3465.6,3498.8,129051,0.0,False,False,False,False,False
2025-05-23 09:30:00,3499.5,3525.0,3496.0,3520.1,202501,0.0,False,False,False,False,False
2025-05-23 10:00:00,3520.7,3531.5,3515.1,3516.0,103325,0.0,False,False,False,False,False
2025-05-23 10:30:00,3516.0,3535.0,3511.5,3531.8,94401,0.0,False,False,False,False,False
2025-05-23 11:00:00,3531.8,3534.8,3517.6,3523.4,64867,0.0,False,False,False,False,False
2025-05-23 11:30:00,3523.4,3527.3,3503.7,3506.2,65620,0.0,False,False,False,False,False
2025-05-23 12:00:00,3506.0,3513.5,3501.0,3509.5,52929,0.0,False,False,False,False,False
2025-05-23 12:30:00,3509.5,3516.6,3506.4,3510.6,47220,0.0,False,False,False,False,False
2025-05-23 13:00:00,3510.6,3520.0,3509.0,3517.2,47421,0.0,False,False,False,False,False
2025-05-23 13:30:00,3517.0,3521.0,3509.5,3518.7,47694,0.0,False,False,False,False,False
2025-05-23 14:00:00,3519.7,3521.7,3514.4,3520.1,58725,0.0,False,False,False,False,False
2025-05-23 14:30:00,3518.8,3520.1,3506.0,3507.5,104629,0.0,False,False,False,True,False
2025-05-23 15:00:00,3509.4,3520.0,3503.5,3508.0,239787,0.0,False,False,False,False,False
2025-05-26 09:00:00,3521.0,3537.6,3510.1,3528.5,93851,0.0,False,False,False,False,False
2025-05-26 09:30:00,3527.7,3539.9,3524.8,3537.8,83529,0.0,False,False,False,False,False
2025-05-26 10:00:00,3538.0,3544.9,3533.0,3535.0,107261,0.0,False,False,False,False,False
2025-05-26 10:30:00,3535.5,3545.0,3530.0,3537.1,50427,0.0,False,False,False,False,False
2025-05-26 11:00:00,3537.1,3544.8,3533.8,3537.3,65410,0.0,True,False,False,False,False
2025-05-26 11:30:00,3537.3,3544.0,3537.2,3540.0,60651,0.0,False,False,False,False,False
2025-05-26 12:00:00,3540.0,3543.0,3530.7,3539.2,87259,0.0,False,False,False,False,False
2025-05-26 12:30:00,3539.2,3540.0,3527.6,3529.2,47004,0.0,False,False,False,True,False
2025-05-26 13:00:00,3529.2,3532.9,3527.0,3531.9,37129,0.0,False,False,False,False,False
2025-05-26 13:30:00,3531.6,3541.5,3530.8,3538.1,87783,0.0,False,False,False,False,False
2025-05-26 14:00:00,3538.9,3543.5,3537.0,3538.0,46297,0.0,False,False,False,False,False
2025-05-26 14:30:00,3538.0,3540.9,3535.0,3538.7,51749,0.0,False,False,False,False,False
2025-05-26 15:00:00,3539.8,3540.9,3533.4,3538.0,143747,0.0,False,True,False,False,False
2025-05-27 09:00:00,3532.0,3540.0,3483.1,3490.5,232591,0.0,False,False,False,False,False
2025-05-27 09:30:00,3490.1,3504.9,3490.0,3496.7,142457,0.0,False,False,False,False,False
2025-05-27 10:00:00,3496.2,3500.5,3492.6,3492.8,113853,0.0,False,False,False,False,False
2025-05-27 10:30:00,3492.9,3498.4,3488.1,3496.0,92573,0.0,False,False,False,False,False
2025-05-27 11:00:00,3496.3,3531.9,3494.3,3531.8,234682,0.0,False,False,False,False,False
2025-05-27 11:30:00,3531.9,3538.0,3517.4,3520.5,110433,0.0,False,False,False,False,False
2025-05-27 12:00:00,3521.0,3524.9,3500.2,3502.6,69706,0.0,False,False,False,False,False
2025-05-27 12:30:00,3502.5,3508.0,3495.0,3499.2,142051,0.0,False,False,False,False,False
2025-05-27 13:00:00,3499.6,3503.0,3493.6,3499.4,145884,0.0,True,False,False,False,False
2025-05-27 13:30:00,3499.4,3506.4,3492.7,3493.8,170976,0.0,False,False,False,False,False
2025-05-27 14:00:00,3492.6,3500.2,3483.8,3487.0,233025,0.0,False,False,False,False,False
2025-05-27 14:30:00,3487.7,3497.1,3485.4,3496.3,264295,0.0,False,False,False,False,False
2025-05-27 15:00:00,3496.1,3502.0,3494.3,3501.0,507565,0.0,False,False,False,False,False
2025-05-28 09:00:00,3516.0,3521.0,3501.0,3502.6,195683,0.0,False,False,False,False,False
2025-05-28 09:30:00,3503.9,3508.9,3496.5,3503.6,94063,0.0,True,False,False,False,False
2025-05-28 10:00:00,3503.4,3505.0,3493.6,3496.9,57397,0.0,False,False,False,False,False
2025-05-28 10:30:00,3496.9,3503.7,3493.0,3499.4,47460,0.0,False,False,False,False,False
2025-05-28 11:00:00,3499.3,3500.7,3494.0,3494.6,45676,0.0,False,False,False,False,False
2025-05-28 11:30:00,3494.9,3503.7,3493.0,3501.9,55394,0.0,False,False,False,False,False
2025-05-28 12:00:00,3501.0,3502.5,3496.0,3501.1,45423,0.0,True,False,False,False,False
2025-05-28 12:30:00,3500.4,3508.0,3500.1,3503.5,78691,0.0,False,False,False,False,False
2025-05-28 13:00:00,3503.5,3506.1,3500.0,3501.5,54141,0.0,False,False,False,False,False
2025-05-28 13:30:00,3501.5,3503.2,3497.0,3499.7,66681,0.0,False,False,False,False,False
2025-05-28 14:00:00,3499.7,3504.3,3498.0,3502.0,58140,0.0,False,False,False,False,False
2025-05-28 14:30:00,3502.0,3503.4,3498.4,3498.6,102471,0.0,False,False,False,False,False
2025-05-28 15:00:00,3498.6,3500.8,3493.3,3500.1,316029,0.0,False,True,False,False,False
2025-05-29 09:00:00,3504.7,3532.5,3504.7,3513.5,330379,0.0,False,False,True,False,False
2025-05-29 09:30:00,3513.5,3520.0,3508.5,3510.6,124274,0.0,False,False,False,False,False
2025-05-29 10:00:00,3510.7,3521.0,3510.7,3512.2,72230,0.0,False,False,False,False,False
2025-05-29 10:30:00,3512.0,3512.5,3502.2,3503.2,160358,0.0,False,False,False,False,False
2025-05-29 11:00:00,3503.6,3505.0,3497.6,3500.0,117763,0.0,False,False,False,False,False
2025-05-29 11:30:00,3500.1,3508.9,3500.0,3507.8,49440,0.0,False,False,False,False,False
2025-05-29 12:00:00,3507.9,3509.3,3495.1,3502.5,178784,0.0,False,False,False,False,False
2025-05-29 12:30:00,3502.0,3504.1,3487.0,3498.1,276334,0.0,False,True,False,False,False
2025-05-29 13:00:00,3498.5,3501.9,3487.0,3493.3,369884,0.0,False,False,False,False,False
2025-05-29 13:30:00,3493.3,3498.4,3490.0,3491.6,164014,0.0,False,False,False,False,False
2025-05-29 14:00:00,3491.6,3495.1,3486.5,3491.7,334171,0.0,True,False,False,False,False
2025-05-29 14:30:00,3491.8,3495.3,3489.0,3491.2,175987,0.0,False,False,False,False,False
2025-05-29 15:00:00,3491.2,3502.6,3491.2,3493.8,779682,0.0,False,False,False,False,False
2025-05-30 09:00:00,3490.0,3506.7,3484.3,3489.5,200381,0.0,True,False,False,False,False
2025-05-30 09:30:00,3489.7,3493.7,3479.0,3493.0,150157,0.0,False,True,False,False,False
2025-05-30 10:00:00,3492.9,3492.9,3486.0,3490.1,58435,0.0,False,False,False,False,False
2025-05-30 10:30:00,3490.0,3494.5,3486.8,3493.5,92844,0.0,False,False,False,False,False
2025-05-30 11:00:00,3493.4,3494.7,3490.1,3494.0,40109,0.0,False,False,False,False,False
2025-05-30 11:30:00,3494.0,3495.8,3486.8,3490.3,84907,0.0,False,False,False,True,False
2025-05-30 12:00:00,3490.0,3492.3,3485.1,3491.5,171940,0.0,False,True,False,False,False
2025-05-30 12:30:00,3491.6,3495.0,3490.0,3493.9,35805,0.0,False,False,False,False,False
2025-05-30 13:00:00,3493.5,3493.5,3487.1,3488.2,100409,0.0,False,False,False,False,False
2025-05-30 13:30:00,3488.2,3491.9,3486.3,3490.0,179507,0.0,False,False,False,False,False
2025-05-30 14:00:00,3490.1,3491.6,3488.7,3490.0,169009,0.0,True,False,False,False,False
2025-05-30 14:30:00,3490.0,3490.1,3482.9,3482.9,93642,0.0,False,False,False,True,False
2025-05-30 15:00:00,3483.0,3483.0,3453.1,3460.0,2007306,0.0,False,False,False,False,False
2025-06-02 09:00:00,3450.0,3460.0,3418.6,3429.9,260840,0.0,False,False,False,False,False
2025-06-02 09:30:00,3429.9,3435.2,3422.8,3435.0,149449,0.0,False,False,False,False,False
2025-06-02 10:00:00,3435.0,3437.0,3426.0,3436.6,95308,0.0,False,True,False,False,False
2025-06-02 10:30:00,3437.0,3448.5,3434.6,3437.5,118633,0.0,True,False,False,False,False
2025-06-02 11:00:00,3437.5,3445.4,3436.0,3440.0,93324,0.0,False,False,False,False,False
2025-06-02 11:30:00,3440.3,3440.8,3433.9,3438.4,181021,0.0,False,True,False,False,False
2025-06-02 12:00:00,3440.0,3447.2,3439.9,3445.6,191588,0.0,False,False,False,False,False
2025-06-02 12:30:00,3444.6,3453.3,3444.6,3446.9,91955,0.0,False,False,False,False,False
2025-06-02 13:00:00,3447.0,3454.8,3446.5,3453.0,62242,0.0,False,False,False,False,False
2025-06-02 13:30:00,3453.0,3457.5,3450.0,3452.1,67913,0.0,False,False,False,False,False
2025-06-02 14:00:00,3452.1,3453.1,3440.0,3442.3,86852,0.0,False,False,False,True,False
2025-06-02 14:30:00,3442.4,3445.7,3435.0,3444.5,138471,0.0,False,True,False,False,False
2025-06-02 15:00:00,3445.0,3453.6,3442.0,3445.8,295978,0.0,False,False,False,False,False
2025-06-03 09:00:00,3446.0,3473.5,3439.5,3440.1,174888,0.0,False,False,False,False,False
2025-06-03 09:30:00,3437.4,3442.9,3430.0,3432.8,122408,0.0,False,False,False,False,False
2025-06-03 10:00:00,3432.8,3450.0,3427.2,3445.0,150590,0.0,False,False,False,False,False
2025-06-03 10:30:00,3444.6,3444.9,3430.3,3433.0,165061,0.0,False,False,False,False,False
2025-06-03 11:00:00,3432.5,3436.2,3424.0,3429.7,130207,0.0,False,False,False,False,False
2025-06-03 11:30:00,3428.9,3438.0,3424.2,3425.3,85455,0.0,False,False,False,False,False
2025-06-03 12:00:00,3425.3,3428.7,3412.0,3414.4,201224,0.0,False,False,False,False,False
2025-06-03 12:30:00,3414.1,3420.0,3402.0,3403.7,215503,0.0,False,False,False,False,False
2025-06-03 13:00:00,3403.6,3413.0,3401.1,3410.5,230018,0.0,False,False,False,False,False
2025-06-03 13:30:00,3410.5,3414.0,3402.0,3412.0,164016,0.0,False,False,False,False,False
2025-06-03 14:00:00,3412.0,3421.8,3410.7,3413.2,269377,0.0,False,False,False,False,False
2025-06-03 14:30:00,3413.2,3420.0,3403.7,3404.0,317409,0.0,False,False,False,False,False
2025-06-03 15:00:00,3404.1,3411.7,3400.5,3411.4,593643,0.0,False,False,False,False,False
2025-06-04 09:00:00,3389.0,3393.9,3373.5,3375.1,382691,0.0,False,False,False,False,False
2025-06-04 09:30:00,3375.3,3385.9,3370.0,3383.9,205652,0.0,False,False,False,False,False
2025-06-04 10:00:00,3383.5,3392.1,3381.1,3389.5,198319,0.0,False,False,False,False,False
2025-06-04 10:30:00,3389.5,3394.8,3387.5,3388.7,98464,0.0,False,False,False,False,False
2025-06-04 11:00:00,3388.7,3390.7,3382.5,3385.3,136429,0.0,False,False,False,True,False
2025-06-04 11:30:00,3386.1,3389.7,3380.1,3382.4,168115,0.0,False,False,False,False,False
2025-06-04 12:00:00,3382.6,3386.9,3381.2,3383.7,139764,0.0,False,False,False,False,False
2025-06-04 12:30:00,3383.8,3387.7,3380.1,3384.1,129688,0.0,True,False,False,False,False
2025-06-04 13:00:00,3384.1,3387.1,3380.0,3383.1,148305,0.0,False,False,False,True,False
2025-06-04 13:30:00,3383.0,3385.7,3382.3,3383.8,100227,0.0,False,False,False,False,False
2025-06-04 14:00:00,3384.0,3384.1,3378.4,3379.0,132778,0.0,False,False,False,False,False
2025-06-04 14:30:00,3379.0,3381.8,3375.0,3375.6,195338,0.0,False,False,False,False,False
2025-06-04 15:00:00,3375.7,3384.7,3375.7,3381.0,480904,0.0,False,False,False,False,False
2025-06-05 09:00:00,3409.0,3409.0,3384.0,3393.5,154724,0.0,False,False,False,False,False
2025-06-05 09:30:00,3393.5,3402.0,3393.0,3394.0,128874,0.0,False,False,False,False,False
2025-06-05 10:00:00,3394.0,3395.1,3385.3,3387.2,93451,0.0,False,False,False,False,False
2025-06-05 10:30:00,3387.4,3391.9,3381.8,3385.0,121265,0.0,False,False,False,False,False
2025-06-05 11:00:00,3385.0,3390.3,3383.0,3387.0,82044,0.0,False,False,False,False,False
2025-06-05 11:30:00,3387.1,3389.0,3380.1,3388.7,72893,0.0,False,True,False,False,False
2025-06-05 12:00:00,3388.7,3403.9,3388.7,3393.0,485622,0.0,False,False,False,False,False
2025-06-05 12:30:00,3393.5,3395.4,3377.4,3381.5,395109,0.0,False,False,False,False,False
2025-06-05 13:00:00,3381.9,3385.9,3374.2,3376.3,245528,0.0,False,False,False,False,False
2025-06-05 13:30:00,3375.9,3375.9,3366.1,3369.1,268260,0.0,False,False,False,False,False
2025-06-05 14:00:00,3369.1,3373.5,3363.7,3371.2,301578,0.0,False,False,False,False,False
2025-06-05 14:30:00,3371.1,3377.6,3368.6,3370.7,270377,0.0,True,False,False,False,False
2025-06-05 15:00:00,3370.8,3379.0,3366.0,3374.0,932483,0.0,False,False,False,False,False
2025-06-06 09:00:00,3371.1,3375.1,3362.1,3367.3,190082,0.0,False,False,False,False,False
2025-06-06 09:30:00,3366.9,3372.3,3358.7,3371.7,182449,0.0,False,False,False,False,False
2025-06-06 10:00:00,3372.3,3380.9,3368.0,3373.0,113991,0.0,False,False,False,False,False
2025-06-06 10:30:00,3373.0,3383.7,3369.7,3382.0,80363,0.0,False,False,False,False,False
2025-06-06 11:00:00,3382.2,3385.6,3375.3,3376.1,79828,0.0,False,False,False,False,False
2025-06-06 11:30:00,3377.0,3382.9,3368.5,3379.3,121887,0.0,False,False,False,False,False
2025-06-06 12:00:00,3380.1,3381.2,3374.0,3378.9,130390,0.0,False,True,False,False,False
2025-06-06 12:30:00,3378.9,3380.9,3375.2,3375.2,109522,0.0,False,False,False,False,False
2025-06-06 13:00:00,3375.7,3379.3,3373.9,3377.1,62411,0.0,False,False,False,False,False
2025-06-06 13:30:00,3377.1,3381.0,3374.2,3376.0,187334,0.0,False,False,False,False,False
2025-06-06 14:00:00,3376.0,3381.4,3374.2,3377.7,193279,0.0,False,False,False,False,False
2025-06-06 14:30:00,3377.7,3382.8,3374.5,3382.3,223188,0.0,False,False,False,False,False
2025-06-06 15:00:00,3382.3,3390.9,3379.1,3388.0,381800,0.0,False,False,False,False,False
2025-06-09 09:00:00,3400.0,3425.7,3390.9,3420.0,169083,0.0,False,False,False,False,False
2025-06-09 09:30:00,3420.0,3423.7,3412.3,3422.1,129834,0.0,False,True,False,False,False
2025-06-09 10:00:00,3422.1,3432.0,3419.8,3423.8,98769,0.0,False,False,False,False,False
2025-06-09 10:30:00,3423.8,3424.9,3416.4,3421.8,508809,0.0,False,True,False,False,False
2025-06-09 11:00:00,3421.8,3424.9,3418.6,3421.7,99663,0.0,True,False,False,False,False
2025-06-09 11:30:00,3421.4,3422.0,3416.2,3419.6,51973,0.0,False,False,False,False,False
2025-06-09 12:00:00,3419.8,3421.8,3418.3,3420.7,52112,0.0,False,False,False,False,False
2025-06-09 12:30:00,3420.7,3431.9,3420.0,3430.5,110903,0.0,False,False,False,False,False
2025-06-09 13:00:00,3430.5,3434.0,3425.2,3426.7,69651,0.0,False,False,False,False,False
2025-06-09 13:30:00,3426.7,3427.5,3422.0,3425.3,76914,0.0,False,True,False,False,False
2025-06-09 14:00:00,3425.3,3426.3,3420.0,3422.6,75719,0.0,False,False,False,False,False
2025-06-09 14:30:00,3422.4,3424.0,3420.0,3420.3,71061,0.0,False,False,False,False,False
2025-06-09 15:00:00,3420.2,3424.4,3420.2,3423.0,194113,0.0,False,False,False,False,False
2025-06-10 09:00:00,3440.0,3452.8,3423.2,3439.1,202055,0.0,True,False,False,False,False
2025-06-10 09:30:00,3439.7,3458.8,3435.0,3458.0,207817,0.0,False,False,False,False,False
2025-06-10 10:00:00,3457.2,3460.0,3445.1,3458.8,135374,0.0,False,True,False,False,False
2025-06-10 10:30:00,3458.8,3473.0,3456.7,3460.1,270342,0.0,False,False,False,False,False
2025-06-10 11:00:00,3460.1,3479.0,3460.1,3478.4,179978,0.0,False,False,False,False,False
2025-06-10 11:30:00,3478.7,3485.8,3473.1,3479.9,226896,0.0,False,False,False,False,False
2025-06-10 12:00:00,3479.2,3482.0,3468.6,3469.9,111130,0.0,False,False,False,False,False
2025-06-10 12:30:00,3469.9,3474.5,3464.0,3466.9,94081,0.0,False,False,False,False,False
2025-06-10 13:00:00,3466.9,3468.9,3458.3,3460.3,80092,0.0,False,False,False,False,False
2025-06-10 13:30:00,3460.4,3466.0,3460.0,3463.1,281833,0.0,False,False,False,False,False
2025-06-10 14:00:00,3463.7,3465.2,3461.0,3462.5,57240,0.0,False,False,False,False,False
2025-06-10 14:30:00,3463.1,3467.5,3461.9,3462.9,97892,0.0,True,False,False,False,False
2025-06-10 15:00:00,3463.3,3466.9,3460.5,3461.9,460613,0.0,False,False,False,False,False
2025-06-11 09:00:00,3470.0,3473.4,3454.8,3463.4,120614,0.0,False,False,False,False,False
2025-06-11 09:30:00,3463.4,3465.6,3449.1,3455.6,124759,0.0,False,False,False,False,False
2025-06-11 10:00:00,3455.6,3461.5,3454.7,3460.3,82633,0.0,False,False,False,False,False
2025-06-11 10:30:00,3460.3,3466.9,3458.7,3460.5,79127,0.0,True,False,False,False,False
2025-06-11 11:00:00,3460.5,3471.0,3459.6,3470.0,231011,0.0,False,False,False,False,False
2025-06-11 11:30:00,3469.8,3475.0,3468.2,3473.8,224291,0.0,False,False,False,False,False
2025-06-11 12:00:00,3473.9,3479.9,3473.1,3476.1,104606,0.0,False,False,False,False,False
2025-06-11 12:30:00,3476.2,3489.0,3474.3,3480.8,363779,0.0,False,False,False,False,False
2025-06-11 13:00:00,3479.6,3486.1,3479.6,3481.0,235151,0.0,False,False,False,False,False
2025-06-11 13:30:00,3480.2,3480.9,3468.0,3474.2,193201,0.0,False,False,False,False,False
2025-06-11 14:00:00,3475.0,3475.4,3467.3,3469.0,338709,0.0,False,False,False,False,False
2025-06-11 14:30:00,3469.0,3472.6,3467.0,3467.6,291306,0.0,False,False,False,False,False
2025-06-11 15:00:00,3467.8,3475.3,3467.8,3470.5,450432,0.0,False,False,False,False,False
2025-06-12 09:00:00,3471.9,3474.7,3459.0,3463.0,103177,0.0,False,False,False,False,False
2025-06-12 09:30:00,3463.8,3471.9,3450.0,3453.1,151082,0.0,False,False,False,False,False
2025-06-12 10:00:00,3453.0,3455.7,3447.0,3452.7,173789,0.0,True,False,False,False,False
2025-06-12 10:30:00,3452.7,3458.2,3448.4,3453.8,165073,0.0,False,False,False,False,False
2025-06-12 11:00:00,3453.8,3465.0,3450.6,3459.1,526721,0.0,False,False,False,False,False
2025-06-12 11:30:00,3459.1,3461.4,3451.3,3457.2,424972,0.0,False,False,False,False,False
2025-06-12 12:00:00,3457.2,3463.0,3456.0,3461.9,135651,0.0,False,False,False,False,False
2025-06-12 12:30:00,3461.9,3469.7,3459.0,3460.6,161485,0.0,False,False,False,False,False
2025-06-12 13:00:00,3460.6,3464.1,3452.1,3453.6,169297,0.0,False,False,False,True,False
2025-06-12 13:30:00,3453.4,3454.7,3438.1,3445.0,731597,0.0,False,False,False,False,False
2025-06-12 14:00:00,3445.0,3445.3,3423.2,3426.6,281708,0.0,False,False,False,False,False
2025-06-12 14:30:00,3426.7,3436.2,3424.9,3435.0,300399,0.0,False,False,False,False,False
2025-06-12 15:00:00,3435.2,3438.9,3426.3,3432.0,721773,0.0,False,False,False,False,False
2025-06-13 09:00:00,3393.2,3424.7,3393.2,3422.4,222781,0.0,False,False,False,False,False
2025-06-13 09:30:00,3422.4,3429.9,3413.5,3428.9,126498,0.0,False,False,False,False,False
2025-06-13 10:00:00,3430.2,3431.0,3418.6,3427.5,139215,0.0,False,True,False,False,False
2025-06-13 10:30:00,3427.5,3431.9,3420.6,3430.9,76086,0.0,False,True,False,False,False
2025-06-13 11:00:00,3431.0,3440.0,3429.5,3438.4,91534,0.0,False,False,False,False,False
2025-06-13 11:30:00,3438.4,3446.0,3437.5,3439.7,119448,0.0,False,False,False,False,False
2025-06-13 12:00:00,3440.0,3449.9,3439.7,3444.9,138653,0.0,False,False,False,False,False
2025-06-13 12:30:00,3444.1,3449.0,3437.3,3438.5,91162,0.0,False,False,False,False,False
2025-06-13 13:00:00,3437.6,3440.8,3435.2,3437.7,58780,0.0,True,False,False,False,False
2025-06-13 13:30:00,3437.4,3442.0,3436.1,3437.8,68240,0.0,False,False,False,False,False
2025-06-13 14:00:00,3438.8,3445.0,3437.7,3444.0,111575,0.0,False,False,False,False,False
2025-06-13 14:30:00,3444.2,3448.0,3433.5,3437.8,231593,0.0,False,False,False,False,False
2025-06-13 15:00:00,3438.4,3450.5,3437.6,3447.4,681810,0.0,False,False,False,False,False
2025-06-16 09:00:00,3440.0,3476.6,3426.2,3470.0,124219,0.0,False,False,False,False,False
2025-06-16 09:30:00,3469.8,3474.0,3460.0,3465.5,100696,0.0,False,False,False,False,False
2025-06-16 10:00:00,3465.0,3487.3,3461.4,3485.0,111598,0.0,False,False,False,False,False
2025-06-16 10:30:00,3485.0,3504.2,3484.0,3498.1,200210,0.0,False,False,False,False,False
2025-06-16 11:00:00,3498.5,3508.0,3496.6,3499.0,193827,0.0,True,False,False,False,False
2025-06-16 11:30:00,3499.0,3502.0,3496.4,3497.7,133692,0.0,False,False,False,False,False
2025-06-16 12:00:00,3498.0,3499.6,3489.7,3496.1,67540,0.0,False,True,False,False,False
2025-06-16 12:30:00,3494.9,3503.9,3494.5,3500.0,139523,0.0,False,False,False,False,False
2025-06-16 13:00:00,3500.5,3509.0,3496.4,3508.9,111613,0.0,False,False,False,False,False
2025-06-16 13:30:00,3508.9,3509.0,3497.8,3498.2,90962,0.0,False,False,False,False,False
2025-06-16 14:00:00,3498.2,3502.0,3497.7,3500.2,69870,0.0,False,False,False,False,False
2025-06-16 14:30:00,3500.0,3500.0,3493.2,3497.0,106806,0.0,False,False,False,False,False
2025-06-16 15:00:00,3497.0,3502.0,3493.6,3497.9,476145,0.0,False,False,False,False,False
2025-06-17 09:00:00,3510.0,3510.0,3488.9,3491.0,175084,0.0,False,False,False,False,False
2025-06-17 09:30:00,3491.0,3506.4,3488.1,3496.1,110593,0.0,False,False,False,False,False
2025-06-17 10:00:00,3496.5,3500.1,3494.0,3499.5,59627,0.0,False,False,False,False,False
2025-06-17 10:30:00,3499.3,3506.7,3497.0,3504.5,98359,0.0,False,False,False,False,False
2025-06-17 11:00:00,3504.5,3515.1,3503.0,3511.8,221385,0.0,False,False,False,False,False
2025-06-17 11:30:00,3511.8,3518.7,3509.8,3514.0,213919,0.0,False,False,False,False,False
2025-06-17 12:00:00,3514.0,3517.0,3510.1,3515.6,127248,0.0,False,True,False,False,False
2025-06-17 12:30:00,3515.6,3518.7,3505.0,3507.1,153944,0.0,False,False,False,False,False
2025-06-17 13:00:00,3507.1,3514.9,3505.4,3514.8,121017,0.0,False,False,False,False,False
2025-06-17 13:30:00,3514.9,3519.0,3513.2,3516.6,144256,0.0,False,False,False,False,False
2025-06-17 14:00:00,3516.6,3520.0,3514.0,3517.8,156630,0.0,False,False,False,False,False
2025-06-17 14:30:00,3517.5,3517.7,3510.3,3513.7,142681,0.0,False,False,False,False,False
2025-06-17 15:00:00,3513.6,3519.5,3509.1,3512.0,370286,0.0,False,False,False,False,False
2025-06-18 09:00:00,3519.1,3538.0,3514.7,3523.9,489867,0.0,False,False,False,False,False
2025-06-18 09:30:00,3523.9,3526.7,3506.1,3506.1,170339,0.0,False,False,False,False,False
2025-06-18 10:00:00,3507.2,3511.3,3477.0,3483.5,238601,0.0,False,False,False,False,False
2025-06-18 10:30:00,3483.5,3488.5,3478.0,3488.2,400794,0.0,False,False,False,False,False
2025-06-18 11:00:00,3488.2,3492.0,3483.7,3487.1,126415,0.0,False,False,False,False,False
2025-06-18 11:30:00,3487.1,3487.5,3479.1,3480.4,90704,0.0,False,False,False,True,False
2025-06-18 12:00:00,3480.4,3486.0,3478.0,3482.0,96367,0.0,False,False,False,False,False
2025-06-18 12:30:00,3483.2,3483.2,3465.4,3468.6,117634,0.0,False,False,False,False,False
2025-06-18 13:00:00,3468.1,3471.4,3464.0,3465.9,71381,0.0,False,False,False,False,False
2025-06-18 13:30:00,3465.8,3466.5,3453.0,3458.5,135349,0.0,False,False,False,False,False
2025-06-18 14:00:00,3458.5,3459.3,3443.1,3444.8,201330,0.0,False,False,False,False,False
2025-06-18 14:30:00,3446.3,3452.4,3445.1,3449.4,146598,0.0,False,False,False,False,False
2025-06-18 15:00:00,3449.4,3458.0,3447.0,3455.0,400159,0.0,False,False,False,False,False
2025-06-19 09:00:00,3450.0,3451.0,3421.0,3431.6,202515,0.0,False,False,False,False,False
2025-06-19 09:30:00,3431.9,3438.9,3428.0,3435.8,149529,0.0,False,False,False,False,False
2025-06-19 10:00:00,3435.6,3436.2,3427.1,3433.0,72996,0.0,False,True,False,False,False
2025-06-19 10:30:00,3433.0,3435.0,3413.0,3419.2,334226,0.0,False,False,False,False,False
2025-06-19 11:00:00,3420.1,3429.0,3418.5,3429.0,96677,0.0,False,False,False,False,False
2025-06-19 11:30:00,3428.1,3429.8,3421.8,3424.0,121942,0.0,False,False,False,False,False
2025-06-19 12:00:00,3424.5,3431.0,3423.0,3423.6,149129,0.0,False,False,False,False,False
2025-06-19 12:30:00,3423.6,3431.4,3422.9,3428.1,129421,0.0,False,False,False,False,False
2025-06-19 13:00:00,3428.1,3433.0,3427.7,3430.1,110144,0.0,False,False,False,False,False
2025-06-19 13:30:00,3430.0,3432.5,3426.9,3428.2,90278,0.0,False,False,False,False,False
2025-06-19 14:00:00,3428.3,3436.0,3428.2,3430.0,172651,0.0,False,False,False,False,False
2025-06-19 14:30:00,3430.0,3432.0,3420.8,3427.8,168551,0.0,False,True,False,False,False
2025-06-19 15:00:00,3427.8,3433.2,3417.8,3420.0,869403,0.0,False,False,False,False,False
2025-06-20 09:00:00,3425.0,3441.0,3421.5,3424.0,79697,0.0,False,False,False,False,False
2025-06-20 09:30:00,3423.9,3432.5,3411.8,3413.5,394878,0.0,False,False,False,False,False
2025-06-20 10:00:00,3413.9,3429.7,3410.9,3429.6,139074,0.0,False,False,False,False,False
2025-06-20 10:30:00,3428.7,3432.7,3420.4,3423.3,98676,0.0,False,False,False,False,False
2025-06-20 11:00:00,3423.3,3426.0,3419.1,3424.0,57878,0.0,False,False,False,False,False
2025-06-20 11:30:00,3424.1,3435.9,3423.5,3433.9,86049,0.0,False,False,False,False,False
2025-06-20 12:00:00,3433.5,3439.9,3431.1,3432.9,52747,0.0,False,False,False,False,False
2025-06-20 12:30:00,3432.2,3440.0,3429.2,3439.9,58685,0.0,False,False,False,False,False
2025-06-20 13:00:00,3440.0,3445.0,3437.6,3444.3,59654,0.0,False,False,False,False,False
2025-06-20 13:30:00,3444.3,3446.3,3434.1,3441.3,65419,0.0,False,True,False,False,False
2025-06-20 14:00:00,3441.7,3444.5,3435.0,3435.1,64841,0.0,False,False,False,False,False
2025-06-20 14:30:00,3435.4,3436.3,3428.0,3430.1,147013,0.0,False,False,False,False,False
2025-06-20 15:00:00,3430.1,3442.9,3426.0,3429.1,1041994,0.0,False,False,False,False,False
2025-06-23 09:00:00,3415.0,3425.0,3391.9,3398.5,424268,0.0,False,False,False,False,False
2025-06-23 09:30:00,3398.2,3400.9,3371.5,3373.0,334121,0.0,False,False,False,False,False
2025-06-23 10:00:00,3372.8,3386.1,3370.0,3385.1,147023,0.0,False,False,False,False,False
2025-06-23 10:30:00,3384.9,3391.0,3381.7,3386.7,126605,0.0,False,False,False,False,False
2025-06-23 11:00:00,3387.2,3400.1,3384.5,3398.7,195302,0.0,False,False,False,False,False
2025-06-23 11:30:00,3398.6,3401.1,3386.6,3389.0,309308,0.0,False,False,False,False,False
2025-06-23 12:00:00,3389.0,3392.6,3382.6,3384.0,325584,0.0,False,False,False,False,False
2025-06-23 12:30:00,3384.1,3389.6,3382.0,3387.2,175791,0.0,False,False,False,False,False
2025-06-23 13:00:00,3387.2,3404.0,3385.1,3400.5,159024,0.0,False,False,False,False,False
2025-06-23 13:30:00,3400.8,3404.0,3392.6,3393.2,179838,0.0,False,False,False,False,False
2025-06-23 14:00:00,3393.5,3401.5,3392.2,3395.0,226075,0.0,False,False,False,False,False
2025-06-23 14:30:00,3394.7,3396.3,3390.8,3393.6,175178,0.0,False,False,False,False,False
2025-06-23 15:00:00,3393.6,3397.4,3392.0,3392.0,325487,0.0,False,False,False,False,False
2025-06-24 09:00:00,3434.6,3442.1,3420.1,3420.4,272173,0.0,False,False,True,False,False
2025-06-24 09:30:00,3420.5,3430.5,3416.1,3427.5,169949,0.0,False,False,False,False,False
2025-06-24 10:00:00,3427.5,3436.9,3425.0,3432.5,107378,0.0,False,False,False,False,False
2025-06-24 10:30:00,3432.5,3434.1,3420.7,3427.5,138191,0.0,False,False,False,False,False
2025-06-24 11:00:00,3427.7,3434.2,3423.2,3425.4,167620,0.0,False,False,False,False,False
2025-06-24 11:30:00,3424.6,3430.0,3422.5,3425.0,274412,0.0,False,False,False,False,False
2025-06-24 12:00:00,3425.0,3430.6,3423.1,3425.2,172652,0.0,True,False,False,False,False
2025-06-24 12:30:00,3425.9,3426.6,3407.2,3422.1,215487,0.0,False,True,False,False,False
2025-06-24 13:00:00,3422.1,3422.1,3403.7,3408.6,214208,0.0,False,False,False,False,False
2025-06-24 13:30:00,3408.6,3412.9,3385.4,3395.1,273243,0.0,False,False,False,False,False
2025-06-24 14:00:00,3395.1,3395.5,3382.0,3388.7,226170,0.0,False,False,False,False,False
2025-06-24 14:30:00,3388.7,3393.9,3384.5,3387.4,225725,0.0,False,False,False,False,False
2025-06-24 15:00:00,3387.4,3395.3,3385.0,3392.0,918978,0.0,False,False,False,False,False
2025-06-25 09:00:00,3407.3,3411.0,3400.0,3407.9,170566,0.0,False,False,True,False,False
2025-06-25 09:30:00,3408.0,3416.5,3404.7,3415.5,160444,0.0,False,False,False,False,False
2025-06-25 10:00:00,3415.7,3419.9,3410.0,3414.5,148680,0.0,False,False,False,False,False
2025-06-25 10:30:00,3414.5,3415.9,3407.5,3412.7,105015,0.0,False,True,False,False,False
2025-06-25 11:00:00,3412.0,3415.8,3411.4,3413.5,82287,0.0,False,False,False,False,False
2025-06-25 11:30:00,3413.4,3418.0,3413.3,3415.4,61828,0.0,False,False,False,False,False
2025-06-25 12:00:00,3415.4,3415.5,3406.4,3411.7,111042,0.0,False,False,False,False,False
2025-06-25 12:30:00,3411.7,3415.8,3408.5,3411.8,113176,0.0,True,False,False,False,False
2025-06-25 13:00:00,3411.9,3431.0,3411.8,3430.8,166776,0.0,False,False,False,False,False
2025-06-25 13:30:00,3430.8,3438.0,3430.0,3432.9,109695,0.0,False,False,False,False,False
2025-06-25 14:00:00,3432.9,3436.0,3429.2,3436.0,72421,0.0,False,False,False,False,False
2025-06-25 14:30:00,3436.0,3441.0,3428.1,3440.4,130681,0.0,False,False,False,False,False
2025-06-25 15:00:00,3440.6,3450.0,3440.1,3443.0,310510,0.0,False,False,False,False,False
2025-06-26 09:00:00,3444.2,3450.9,3431.0,3434.7,195826,0.0,False,False,False,False,False
2025-06-26 09:30:00,3435.0,3446.9,3432.3,3446.9,199204,0.0,False,False,False,False,False
2025-06-26 10:00:00,3446.9,3449.9,3422.2,3424.5,164043,0.0,False,False,False,False,False
2025-06-26 10:30:00,3425.5,3428.7,3415.3,3423.0,193745,0.0,False,False,False,False,False
2025-06-26 11:00:00,3423.0,3435.3,3422.9,3431.6,218004,0.0,False,False,False,False,False
2025-06-26 11:30:00,3431.6,3435.0,3423.0,3432.7,121017,0.0,False,False,False,False,False
2025-06-26 12:00:00,3432.6,3439.4,3430.1,3431.4,89196,0.0,False,False,False,False,False
2025-06-26 12:30:00,3431.4,3439.0,3428.1,3433.6,154341,0.0,False,False,False,False,False
2025-06-26 13:00:00,3433.6,3445.0,3433.6,3436.2,157136,0.0,False,False,False,False,False
2025-06-26 13:30:00,3436.2,3444.8,3433.3,3444.5,132349,0.0,False,False,False,False,False
2025-06-26 14:00:00,3444.6,3449.5,3436.1,3438.7,189987,0.0,False,False,False,False,False
2025-06-26 14:30:00,3438.5,3441.3,3430.4,3438.9,243837,0.0,True,False,False,False,False
2025-06-26 15:00:00,3439.5,3446.9,3434.2,3443.0,809014,0.0,False,False,False,False,False
2025-06-27 09:00:00,3455.0,3466.4,3446.1,3462.0,130574,0.0,False,False,False,False,False
2025-06-27 09:30:00,3462.7,3462.9,3451.3,3459.1,101560,0.0,False,True,False,False,False
2025-06-27 10:00:00,3458.2,3460.0,3448.9,3450.0,74660,0.0,False,False,False,False,False
2025-06-27 10:30:00,3450.0,3455.6,3443.5,3452.9,66538,0.0,False,True,False,False,False
2025-06-27 11:00:00,3452.9,3456.8,3450.0,3450.1,79556,0.0,False,False,False,False,False
2025-06-27 11:30:00,3450.4,3453.4,3448.0,3452.4,68029,0.0,False,False,False,False,False
2025-06-27 12:00:00,3452.2,3453.0,3449.1,3451.6,37872,0.0,False,False,False,False,False
2025-06-27 12:30:00,3451.6,3454.6,3448.9,3451.9,47678,0.0,False,False,False,False,False
2025-06-27 13:00:00,3451.7,3452.6,3438.5,3442.4,86143,0.0,False,False,False,False,False
2025-06-27 13:30:00,3442.4,3442.4,3431.0,3436.2,82681,0.0,False,False,False,False,False
2025-06-27 14:00:00,3436.1,3442.4,3435.4,3439.4,111508,0.0,False,False,False,False,False
2025-06-27 14:30:00,3439.3,3444.8,3436.6,3439.8,112336,0.0,False,False,False,False,False
2025-06-27 15:00:00,3439.7,3452.0,3434.7,3445.0,765535,0.0,False,False,False,False,False
2025-06-30 09:00:00,3439.9,3460.0,3430.0,3451.1,177002,0.0,False,False,False,False,False
2025-06-30 09:30:00,3451.1,3454.0,3434.0,3438.2,127374,0.0,False,False,False,False,False
2025-06-30 10:00:00,3438.7,3446.5,3437.7,3443.2,113755,0.0,False,False,False,False,False
2025-06-30 10:30:00,3441.2,3452.5,3438.1,3451.2,97433,0.0,False,False,False,False,False
2025-06-30 11:00:00,3451.6,3453.0,3444.5,3449.0,87525,0.0,False,False,False,False,False
2025-06-30 11:30:00,3448.8,3456.8,3448.8,3454.8,81356,0.0,False,False,False,False,False
2025-06-30 12:00:00,3454.2,3462.4,3452.4,3457.1,86062,0.0,False,False,False,False,False
2025-06-30 12:30:00,3457.1,3458.6,3454.8,3454.8,45812,0.0,False,False,False,False,False
2025-06-30 13:00:00,3454.9,3458.0,3450.1,3454.9,76496,0.0,True,False,False,False,False
2025-06-30 13:30:00,3454.6,3459.8,3454.5,3459.0,53503,0.0,False,False,False,False,False
2025-06-30 14:00:00,3459.0,3461.0,3454.7,3455.8,67471,0.0,False,False,False,False,False
2025-06-30 14:30:00,3456.5,3460.0,3452.0,3458.9,82515,0.0,False,False,False,False,False
2025-06-30 15:00:00,3458.4,3464.9,3458.4,3460.0,349625,0.0,False,False,False,False,False
2025-07-01 09:00:00,3455.0,3473.4,3451.6,3473.4,103221,0.0,False,False,False,False,False
2025-07-01 09:30:00,3473.4,3485.0,3447.1,3450.0,256010,0.0,False,False,False,False,False
2025-07-01 10:00:00,3450.0,3450.9,3441.1,3450.2,118444,0.0,True,False,False,False,False
2025-07-01 10:30:00,3450.8,3453.9,3442.3,3442.4,76375,0.0,False,False,False,False,False
2025-07-01 11:00:00,3442.5,3444.2,3440.0,3440.8,134495,0.0,False,False,False,False,False
2025-07-01 11:30:00,3440.9,3442.3,3439.7,3440.4,144846,0.0,False,False,False,False,False
2025-07-01 12:00:00,3440.4,3441.8,3439.0,3440.5,247745,0.0,True,False,False,False,False
2025-07-01 12:30:00,3440.7,3441.9,3439.5,3440.0,158396,0.0,False,False,False,False,False
2025-07-01 13:00:00,3440.0,3441.1,3439.5,3439.7,179432,0.0,False,False,False,False,False
2025-07-01 13:30:00,3439.5,3439.8,3418.0,3418.9,223889,0.0,False,False,False,False,False
2025-07-01 14:00:00,3418.9,3421.9,3414.0,3417.8,146002,0.0,False,False,False,False,False
2025-07-01 14:30:00,3417.8,3426.0,3413.5,3423.6,204361,0.0,False,False,False,False,False
2025-07-01 15:00:00,3423.6,3433.5,3423.2,3429.0,347396,0.0,False,False,False,False,False
2025-07-02 09:00:00,3487.2,3487.2,3441.1,3460.2,381407,0.0,False,False,True,False,False
2025-07-02 09:30:00,3459.0,3489.9,3456.3,3480.6,406554,0.0,False,False,False,False,False
2025-07-02 10:00:00,3480.5,3480.7,3452.3,3454.8,183932,0.0,False,False,False,False,False
2025-07-02 10:30:00,3454.8,3454.8,3435.2,3436.0,129049,0.0,False,False,False,False,False
2025-07-02 11:00:00,3436.0,3442.0,3433.0,3442.0,182045,0.0,False,False,False,False,False
2025-07-02 11:30:00,3441.9,3442.5,3435.2,3437.5,75805,0.0,False,False,False,False,False
2025-07-02 12:00:00,3437.7,3441.3,3435.2,3435.9,36777,0.0,False,False,False,False,False
2025-07-02 12:30:00,3435.4,3437.2,3430.3,3432.6,612184,0.0,False,False,False,False,False
2025-07-02 13:00:00,3432.7,3439.4,3430.1,3430.2,271963,0.0,False,False,False,False,False
2025-07-02 13:30:00,3430.0,3431.8,3425.6,3426.0,58473,0.0,False,False,False,False,False
2025-07-02 14:00:00,3425.9,3433.5,3425.8,3426.6,60127,0.0,False,False,False,False,False
2025-07-02 14:30:00,3426.9,3427.5,3420.1,3424.3,219324,0.0,False,False,False,False,False
2025-07-02 15:00:00,3424.2,3427.0,3420.0,3423.5,375055,0.0,False,False,False,False,False
2025-07-03 09:00:00,3430.0,3435.3,3417.2,3419.5,203892,0.0,False,False,False,False,False
2025-07-03 09:30:00,3419.6,3427.9,3416.2,3423.6,398926,0.0,False,False,False,False,False
2025-07-03 10:00:00,3423.6,3425.0,3418.0,3419.3,170054,0.0,False,False,False,False,False
2025-07-03 10:30:00,3419.2,3422.6,3417.3,3418.5,73919,0.0,False,False,False,False,False
2025-07-03 11:00:00,3418.8,3425.7,3418.5,3419.5,132047,0.0,False,False,False,False,False
2025-07-03 11:30:00,3418.8,3420.9,3411.2,3417.5,115039,0.0,False,False,False,False,False
2025-07-03 12:00:00,3417.1,3420.9,3415.6,3418.0,83509,0.0,False,False,False,False,False
2025-07-03 12:30:00,3417.7,3420.5,3415.4,3418.1,121816,0.0,False,False,False,False,False
2025-07-03 13:00:00,3418.1,3419.3,3410.3,3414.7,141726,0.0,False,False,False,False,False
2025-07-03 13:30:00,3412.9,3421.1,3410.5,3412.8,156857,0.0,True,False,False,False,False
2025-07-03 14:00:00,3412.9,3413.9,3405.3,3407.1,146329,0.0,False,False,False,False,False
2025-07-03 14:30:00,3407.0,3409.8,3403.3,3404.4,268234,0.0,False,False,False,False,False
2025-07-03 15:00:00,3404.7,3404.7,3397.6,3400.0,506697,0.0,False,False,False,False,False
2025-07-04 09:00:00,3408.0,3414.0,3393.9,3399.3,130921,0.0,False,False,False,False,False
2025-07-04 09:30:00,3399.3,3405.0,3390.1,3404.2,87805,0.0,False,False,False,False,False
2025-07-04 10:00:00,3403.6,3411.3,3403.5,3409.0,61971,0.0,False,False,False,False,False
2025-07-04 10:30:00,3409.0,3418.4,3407.3,3416.9,72237,0.0,False,False,False,False,False
2025-07-04 11:00:00,3417.9,3424.6,3415.8,3418.0,62502,0.0,True,False,False,False,False
2025-07-04 11:30:00,3418.0,3421.0,3410.2,3415.8,57341,0.0,False,False,False,False,False
2025-07-04 12:00:00,3415.8,3419.9,3415.0,3418.0,30373,0.0,False,False,False,False,False
2025-07-04 12:30:00,3417.7,3427.0,3417.0,3419.9,90275,0.0,False,False,False,False,False
2025-07-04 13:00:00,3419.9,3424.8,3419.0,3420.4,48540,0.0,False,False,False,False,False
2025-07-04 13:30:00,3420.5,3421.3,3415.5,3419.0,60825,0.0,False,True,False,False,False
2025-07-04 14:00:00,3418.1,3422.5,3411.1,3417.4,120560,0.0,False,False,False,False,False
2025-07-04 14:30:00,3416.2,3420.2,3414.1,3419.6,142924,0.0,False,False,False,False,False
2025-07-04 15:00:00,3420.0,3421.9,3418.0,3420.0,138781,0.0,True,False,False,False,False
2025-07-07 09:00:00,3418.3,3421.1,3408.4,3413.6,92385,0.0,False,False,False,True,False
2025-07-07 09:30:00,3413.0,3426.1,3410.1,3418.0,131485,0.0,False,False,False,False,False
2025-07-07 10:00:00,3418.0,3423.0,3412.0,3415.7,72091,0.0,False,False,False,False,False
2025-07-07 10:30:00,3415.7,3419.6,3411.0,3413.9,65985,0.0,False,False,False,False,False
2025-07-07 11:00:00,3413.4,3422.0,3413.4,3422.0,104041,0.0,False,False,False,False,False
2025-07-07 11:30:00,3421.9,3423.2,3420.0,3423.2,39673,0.0,False,False,False,False,False
2025-07-07 12:00:00,3423.0,3424.9,3420.0,3422.0,261876,0.0,False,False,False,False,False
2025-07-07 12:30:00,3422.8,3424.0,3418.5,3419.2,199739,0.0,False,False,False,False,False
2025-07-07 13:00:00,3419.2,3424.0,3418.5,3422.2,78340,0.0,False,False,False,False,False
2025-07-07 13:30:00,3422.3,3423.4,3420.1,3422.6,42011,0.0,False,False,False,False,False
2025-07-07 14:00:00,3422.6,3423.0,3418.0,3420.0,98969,0.0,False,False,False,True,False
2025-07-07 14:30:00,3420.1,3420.2,3410.0,3410.5,89670,0.0,False,False,False,False,False
2025-07-07 15:00:00,3410.6,3414.2,3409.0,3410.6,353969,0.0,True,False,False,False,False
2025-07-08 09:00:00,3405.0,3419.0,3401.0,3416.0,129290,0.0,False,False,False,False,False
2025-07-08 09:30:00,3416.0,3416.3,3402.8,3408.6,128268,0.0,False,False,False,False,False
2025-07-08 10:00:00,3408.6,3409.8,3397.4,3398.3,92764,0.0,False,False,False,False,False
2025-07-08 10:30:00,3398.3,3400.1,3393.4,3396.5,225027,0.0,False,False,False,False,False
2025-07-08 11:00:00,3395.5,3413.0,3393.7,3410.6,245797,0.0,False,False,False,False,False
2025-07-08 11:30:00,3410.6,3415.0,3404.5,3410.0,173913,0.0,False,False,False,False,False
2025-07-08 12:00:00,3409.8,3410.4,3406.0,3408.7,94667,0.0,False,True,False,False,False
2025-07-08 12:30:00,3408.7,3425.0,3408.0,3422.2,176297,0.0,False,False,False,False,False
2025-07-08 13:00:00,3422.2,3423.2,3415.0,3416.9,119543,0.0,False,False,False,False,False
2025-07-08 13:30:00,3416.8,3418.8,3411.5,3418.1,96485,0.0,False,True,False,False,False
2025-07-08 14:00:00,3418.1,3418.2,3400.0,3402.5,138659,0.0,False,False,False,False,False
2025-07-08 14:30:00,3402.5,3404.7,3397.5,3404.1,136618,0.0,False,True,False,False,False
2025-07-08 15:00:00,3401.4,3410.0,3401.3,3405.0,558553,0.0,False,False,False,False,False
2025-07-09 09:00:00,3410.0,3414.0,3396.6,3402.9,120037,0.0,False,False,False,False,False
2025-07-09 09:30:00,3402.3,3409.2,3397.0,3409.0,108147,0.0,False,False,False,False,False
2025-07-09 10:00:00,3408.9,3409.0,3401.7,3404.1,95793,0.0,False,False,False,False,False
2025-07-09 10:30:00,3404.4,3404.4,3395.0,3397.6,91494,0.0,False,False,False,False,False
2025-07-09 11:00:00,3397.8,3400.6,3391.0,3399.3,85200,0.0,False,True,False,False,False
2025-07-09 11:30:00,3399.3,3399.7,3395.0,3396.5,82987,0.0,False,False,False,False,False
2025-07-09 12:00:00,3396.5,3398.6,3375.0,3379.7,243712,0.0,False,False,False,False,False
2025-07-09 12:30:00,3379.5,3380.0,3371.0,3372.7,147017,0.0,False,False,False,False,False
2025-07-09 13:00:00,3372.6,3375.9,3367.0,3373.6,119642,0.0,False,False,False,False,False
2025-07-09 13:30:00,3373.6,3381.4,3373.2,3379.9,134161,0.0,False,False,False,False,False
2025-07-09 14:00:00,3379.9,3384.2,3379.8,3382.6,108085,0.0,False,False,False,False,False
2025-07-09 14:30:00,3382.7,3385.0,3374.9,3379.2,194091,0.0,False,False,False,False,False
2025-07-09 15:00:00,3381.5,3386.9,3379.3,3386.0,496131,0.0,False,False,False,False,False
2025-07-10 09:00:00,3380.0,3385.0,3356.0,3379.0,406156,0.0,True,False,False,False,False
2025-07-10 09:30:00,3378.0,3397.0,3378.0,3389.5,361175,0.0,False,False,False,False,False
2025-07-10 10:00:00,3390.0,3391.6,3381.0,3384.3,132974,0.0,False,False,False,False,False
2025-07-10 10:30:00,3384.3,3384.5,3374.7,3377.2,140792,0.0,False,False,False,False,False
2025-07-10 11:00:00,3377.3,3382.2,3375.0,3377.4,100279,0.0,True,False,False,False,False
2025-07-10 11:30:00,3378.1,3379.2,3370.2,3371.5,74729,0.0,False,False,False,False,False
2025-07-10 12:00:00,3372.1,3383.0,3370.0,3379.9,97200,0.0,False,False,False,False,False
2025-07-10 12:30:00,3379.9,3383.3,3375.0,3378.8,72365,0.0,False,False,False,False,False
2025-07-10 13:00:00,3378.8,3379.1,3373.0,3374.2,59475,0.0,False,False,False,True,False
2025-07-10 13:30:00,3374.2,3374.2,3364.4,3367.9,295805,0.0,False,False,False,False,False
2025-07-10 14:00:00,3367.9,3386.9,3367.4,3384.5,208221,0.0,False,False,False,False,False
2025-07-10 14:30:00,3384.5,3388.6,3377.5,3380.0,318121,0.0,False,False,False,False,False
2025-07-10 15:00:00,3380.0,3399.0,3373.4,3397.0,750908,0.0,False,False,False,False,False
2025-07-11 09:00:00,3327.7,3328.0,3310.9,3319.0,2137688,0.0,False,False,False,False,False
2025-07-11 09:30:00,3318.1,3323.9,3300.1,3304.9,878838,0.0,False,False,False,False,False
2025-07-11 10:00:00,3305.0,3314.1,3300.0,3312.0,310250,0.0,False,False,False,False,False
2025-07-11 10:30:00,3312.0,3313.0,3300.7,3303.0,314750,0.0,False,False,False,False,False
2025-07-11 11:00:00,3303.0,3305.0,3285.9,3290.6,583317,0.0,False,False,False,False,False
2025-07-11 11:30:00,3290.5,3295.7,3289.0,3290.2,239196,0.0,True,False,False,False,False
2025-07-11 12:00:00,3290.1,3292.6,3282.0,3283.7,355862,0.0,False,False,False,False,False
2025-07-11 12:30:00,3283.6,3287.4,3272.5,3273.0,380449,0.0,False,False,False,False,False
2025-07-11 13:00:00,3272.9,3273.9,3268.3,3271.2,374289,0.0,False,False,False,False,False
2025-07-11 13:30:00,3271.2,3272.3,3266.0,3269.0,307526,0.0,False,False,False,False,False
2025-07-11 14:00:00,3269.5,3273.9,3266.7,3267.1,319685,0.0,False,False,False,False,False
2025-07-11 14:30:00,3267.1,3272.1,3265.0,3270.6,348274,0.0,False,False,False,False,False
2025-07-11 15:00:00,3271.0,3271.8,3261.1,3264.6,922153,0.0,False,False,False,False,False
2025-07-14 09:00:00,3266.0,3272.0,3235.9,3236.8,356207,0.0,False,False,False,False,False
2025-07-14 09:30:00,3236.8,3245.3,3233.7,3244.9,296261,0.0,False,False,False,False,False
2025-07-14 10:00:00,3244.9,3248.1,3239.0,3240.9,212729,0.0,False,False,False,False,False
2025-07-14 10:30:00,3240.9,3241.7,3235.5,3236.4,208597,0.0,False,False,False,False,False
2025-07-14 11:00:00,3237.0,3239.9,3225.7,3226.2,266388,0.0,False,False,False,False,False
2025-07-14 11:30:00,3226.2,3228.8,3213.5,3216.4,312913,0.0,False,False,False,False,False
2025-07-14 12:00:00,3216.0,3219.3,3210.0,3212.7,275958,0.0,False,False,False,False,False
2025-07-14 12:30:00,3212.8,3214.2,3200.0,3202.9,362535,0.0,False,False,False,False,False
2025-07-14 13:00:00,3202.9,3214.7,3202.0,3214.2,189369,0.0,False,False,False,False,False
2025-07-14 13:30:00,3214.0,3214.8,3210.8,3213.3,135379,0.0,False,False,False,False,False
2025-07-14 14:00:00,3213.3,3216.5,3210.0,3215.9,156128,0.0,False,False,False,False,False
2025-07-14 14:30:00,3215.9,3223.6,3212.7,3222.5,231944,0.0,False,False,False,False,False
2025-07-14 15:00:00,3223.2,3228.0,3220.0,3227.5,891625,0.0,False,False,False,False,False
2025-07-15 09:00:00,3206.0,3237.3,3206.0,3236.1,319406,0.0,False,False,False,False,False
2025-07-15 09:30:00,3236.1,3237.0,3226.8,3228.9,160579,0.0,False,False,False,False,False
2025-07-15 10:00:00,3229.7,3234.2,3223.7,3229.4,137495,0.0,True,False,False,False,False
2025-07-15 10:30:00,3229.4,3250.5,3229.0,3246.7,236297,0.0,False,False,False,False,False
2025-07-15 11:00:00,3247.1,3259.4,3245.7,3255.5,161415,0.0,False,False,False,False,False
2025-07-15 11:30:00,3255.3,3257.0,3247.0,3249.5,352489,0.0,False,False,False,False,False
2025-07-15 12:00:00,3249.5,3250.4,3243.0,3246.4,231698,0.0,False,False,False,False,False
2025-07-15 12:30:00,3246.4,3252.0,3246.4,3251.6,77458,0.0,False,False,False,False,False
2025-07-15 13:00:00,3251.6,3254.5,3248.2,3249.9,87800,0.0,False,False,False,False,False
2025-07-15 13:30:00,3249.9,3251.6,3240.8,3241.5,98832,0.0,False,False,False,False,False
2025-07-15 14:00:00,3241.5,3244.8,3238.5,3242.0,89731,0.0,False,False,False,False,False
2025-07-15 14:30:00,3242.0,3246.8,3242.0,3245.6,109441,0.0,False,False,False,False,False
2025-07-15 15:00:00,3245.2,3258.0,3245.2,3254.0,464722,0.0,False,False,False,False,False
2025-07-16 09:00:00,3227.0,3244.6,3220.6,3235.0,217219,0.0,False,False,False,False,False
2025-07-16 09:30:00,3234.3,3235.0,3226.0,3233.2,259052,0.0,False,True,False,False,False
2025-07-16 10:00:00,3233.1,3235.1,3226.6,3233.6,95242,0.0,False,False,False,False,False
2025-07-16 10:30:00,3233.6,3236.3,3230.0,3233.5,268805,0.0,True,False,False,False,False
2025-07-16 11:00:00,3233.5,3236.9,3229.4,3234.0,82164,0.0,False,False,False,False,False
2025-07-16 11:30:00,3234.5,3244.7,3231.1,3242.1,107792,0.0,False,False,False,False,False
2025-07-16 12:00:00,3242.1,3243.0,3235.0,3236.7,118145,0.0,False,False,False,False,False
2025-07-16 12:30:00,3236.7,3243.9,3236.6,3237.9,285933,0.0,False,False,False,False,False
2025-07-16 13:00:00,3237.4,3244.9,3237.4,3241.9,148794,0.0,False,False,False,False,False
2025-07-16 13:30:00,3241.9,3242.8,3237.4,3239.3,86920,0.0,False,False,False,False,False
2025-07-16 14:00:00,3239.3,3244.7,3237.5,3242.0,163440,0.0,False,False,False,False,False
2025-07-16 14:30:00,3241.9,3243.5,3239.4,3240.1,116630,0.0,False,False,False,False,False
2025-07-16 15:00:00,3240.1,3240.3,3229.2,3230.9,544446,0.0,False,False,False,False,False
2025-07-17 09:00:00,3224.1,3242.0,3224.1,3238.0,244072,0.0,False,False,False,False,False
2025-07-17 09:30:00,3238.0,3238.7,3231.0,3233.4,151306,0.0,False,False,False,False,False
2025-07-17 10:00:00,3234.0,3236.1,3230.0,3230.1,93780,0.0,False,False,False,False,False
2025-07-17 10:30:00,3230.1,3231.3,3225.0,3228.7,116555,0.0,False,True,False,False,False
2025-07-17 11:00:00,3228.7,3234.1,3226.1,3231.3,131441,0.0,False,False,False,False,False
2025-07-17 11:30:00,3230.9,3235.0,3228.4,3229.8,129105,0.0,False,False,False,False,False
2025-07-17 12:00:00,3229.6,3234.2,3228.1,3229.0,143273,0.0,False,False,False,False,False
2025-07-17 12:30:00,3229.0,3230.7,3226.0,3227.5,118888,0.0,False,False,False,False,False
2025-07-17 13:00:00,3227.4,3227.5,3220.0,3221.5,166218,0.0,False,False,False,False,False
2025-07-17 13:30:00,3221.5,3223.9,3216.0,3222.5,169161,0.0,False,False,False,False,False
2025-07-17 14:00:00,3222.5,3223.8,3217.0,3217.4,136708,0.0,False,False,False,False,False
2025-07-17 14:30:00,3217.0,3221.7,3214.3,3215.1,255287,0.0,False,False,False,False,False
2025-07-17 15:00:00,3215.1,3215.1,3204.1,3207.7,1060278,0.0,False,False,False,False,False
2025-07-18 09:00:00,3225.0,3228.8,3211.0,3224.0,214630,0.0,False,False,False,False,False
2025-07-18 09:30:00,3224.0,3224.0,3209.0,3213.5,205177,0.0,False,False,False,False,False
2025-07-18 10:00:00,3213.5,3214.0,3204.9,3207.8,560931,0.0,False,False,False,False,False
2025-07-18 10:30:00,3207.8,3208.9,3198.5,3200.0,249986,0.0,False,False,False,False,False
2025-07-18 11:00:00,3199.9,3207.1,3198.1,3206.1,196983,0.0,False,False,False,False,False
2025-07-18 11:30:00,3206.2,3207.7,3201.9,3205.0,130365,0.0,False,False,False,False,False
2025-07-18 12:00:00,3205.1,3205.6,3199.0,3199.9,191805,0.0,False,False,False,True,False
2025-07-18 12:30:00,3199.9,3201.6,3198.0,3198.8,230075,0.0,False,False,False,False,False
2025-07-18 13:00:00,3198.5,3202.2,3193.4,3194.4,156283,0.0,False,False,False,False,False
2025-07-18 13:30:00,3194.4,3198.7,3193.0,3196.0,212868,0.0,False,False,False,False,False
2025-07-18 14:00:00,3196.1,3198.8,3192.4,3194.0,189470,0.0,False,False,False,False,False
2025-07-18 14:30:00,3194.0,3195.0,3189.4,3192.8,278932,0.0,False,True,False,False,False
2025-07-18 15:00:00,3192.8,3192.8,3187.0,3189.9,600462,0.0,False,False,False,False,False
2025-07-21 09:00:00,3190.0,3197.6,3161.0,3161.1,212816,0.0,False,False,False,False,False
2025-07-21 09:30:00,3161.0,3171.1,3158.9,3167.0,308788,0.0,False,False,False,False,False
2025-07-21 10:00:00,3167.0,3171.9,3164.2,3170.0,287085,0.0,False,False,False,False,False
2025-07-21 10:30:00,3170.0,3171.9,3165.0,3167.0,256535,0.0,False,False,False,False,False
2025-07-21 11:00:00,3167.0,3171.3,3165.4,3166.5,160271,0.0,False,False,False,False,False
2025-07-21 11:30:00,3166.5,3168.0,3160.1,3167.0,238031,0.0,False,False,False,False,False
2025-07-21 12:00:00,3167.6,3169.9,3163.5,3165.0,231722,0.0,False,False,False,False,False
2025-07-21 12:30:00,3164.6,3168.2,3160.2,3160.5,341820,0.0,False,False,False,False,False
2025-07-21 13:00:00,3160.5,3161.1,3152.4,3154.0,306557,0.0,False,False,False,False,False
2025-07-21 13:30:00,3154.0,3161.1,3152.0,3153.9,222707,0.0,True,False,False,False,False
2025-07-21 14:00:00,3153.9,3157.1,3152.6,3156.1,192462,0.0,False,False,False,False,False
2025-07-21 14:30:00,3156.3,3159.4,3154.2,3159.0,280641,0.0,False,False,False,False,False
2025-07-21 15:00:00,3159.0,3161.6,3156.0,3158.0,791851,0.0,False,False,False,False,False
2025-07-22 09:00:00,3159.6,3168.2,3154.6,3164.5,393076,0.0,False,False,False,False,False
2025-07-22 09:30:00,3165.2,3166.0,3158.2,3160.9,248563,0.0,False,False,False,False,False
2025-07-22 10:00:00,3161.0,3172.0,3160.5,3169.3,289774,0.0,False,False,False,False,False
2025-07-22 10:30:00,3168.9,3175.8,3165.0,3174.2,243569,0.0,False,False,False,False,False
2025-07-22 11:00:00,3173.9,3180.1,3166.5,3170.7,241540,0.0,False,False,False,False,False
2025-07-22 11:30:00,3170.2,3174.0,3162.2,3166.8,145034,0.0,False,False,False,False,False
2025-07-22 12:00:00,3166.8,3167.3,3160.1,3163.5,113714,0.0,False,False,False,False,False
2025-07-22 12:30:00,3163.5,3165.9,3158.0,3160.0,149401,0.0,False,False,False,False,False
2025-07-22 13:00:00,3160.0,3164.8,3156.0,3164.1,178676,0.0,False,False,False,False,False
2025-07-22 13:30:00,3164.1,3164.5,3161.4,3162.1,117631,0.0,False,False,False,False,False
2025-07-22 14:00:00,3162.1,3167.8,3162.0,3165.1,136098,0.0,False,False,False,False,False
2025-07-22 14:30:00,3165.1,3165.1,3159.9,3160.1,160619,0.0,False,False,False,False,False
2025-07-22 15:00:00,3160.0,3165.0,3156.2,3164.7,761679,0.0,False,False,False,False,False
2025-07-23 09:00:00,3159.6,3171.3,3157.6,3164.0,140120,0.0,False,False,False,False,False
2025-07-23 09:30:00,3164.0,3168.4,3160.0,3163.7,81400,0.0,True,False,False,False,False
2025-07-23 10:00:00,3163.8,3165.0,3159.0,3159.7,271005,0.0,False,False,False,True,False
2025-07-23 10:30:00,3159.6,3173.9,3159.1,3171.0,371671,0.0,False,False,False,False,False
2025-07-23 11:00:00,3171.0,3176.7,3167.1,3168.9,84947,0.0,False,False,False,False,False
2025-07-23 11:30:00,3168.8,3169.9,3167.0,3167.8,40115,0.0,False,False,False,False,False
2025-07-23 12:00:00,3167.8,3175.7,3167.8,3174.7,91279,0.0,False,False,False,False,False
2025-07-23 12:30:00,3174.7,3178.5,3170.0,3171.0,185472,0.0,False,False,False,False,False
2025-07-23 13:00:00,3171.0,3171.9,3166.7,3168.2,65949,0.0,False,False,False,False,False
2025-07-23 13:30:00,3168.2,3178.6,3168.0,3171.2,103553,0.0,False,False,False,False,False
2025-07-23 14:00:00,3171.2,3178.4,3170.0,3177.9,78059,0.0,False,False,False,False,False
2025-07-23 14:30:00,3177.9,3178.9,3175.0,3175.1,94320,0.0,False,False,False,False,False
2025-07-23 15:00:00,3176.3,3182.0,3174.9,3175.0,296770,0.0,False,False,False,False,False
2025-07-24 09:00:00,3165.1,3173.7,3156.0,3158.1,299710,0.0,False,False,False,False,False
2025-07-24 09:30:00,3158.1,3164.1,3156.5,3162.0,471304,0.0,False,False,False,False,False
2025-07-24 10:00:00,3162.0,3166.4,3160.3,3165.0,285537,0.0,False,False,False,False,False
2025-07-24 10:30:00,3164.5,3166.4,3160.0,3162.1,133498,0.0,False,False,False,False,False
2025-07-24 11:00:00,3162.0,3163.1,3151.0,3154.4,396419,0.0,False,False,False,False,False
2025-07-24 11:30:00,3154.5,3157.7,3148.0,3149.1,253783,0.0,False,False,False,False,False
2025-07-24 12:00:00,3148.5,3148.5,3140.2,3144.6,121222,0.0,False,False,False,False,False
2025-07-24 12:30:00,3144.6,3146.0,3140.1,3140.3,92018,0.0,False,False,False,False,False
2025-07-24 13:00:00,3140.3,3145.0,3140.0,3142.4,96918,0.0,False,False,False,False,False
2025-07-24 13:30:00,3141.1,3145.7,3140.1,3143.5,75851,0.0,False,False,False,False,False
2025-07-24 14:00:00,3143.3,3150.8,3142.7,3149.9,131967,0.0,False,False,False,False,False
2025-07-24 14:30:00,3150.0,3153.9,3149.8,3150.3,87854,0.0,False,False,False,False,False
2025-07-24 15:00:00,3150.7,3152.9,3142.3,3144.9,456077,0.0,False,False,False,True,False
